"REF_DATE","GEO","DGUID","Statistics","UOM","UOM_ID","SCALAR_FACTOR","SCALAR_ID","VECTOR","COORDINATE","VALUE","STATUS","SYMBOL","TERMINATED","DECIMALS"
"2014","Total police-reported cybercrime","","Number of cybercrime incidents","Number","223","units","0","v116321076","1.1","15184","","","","0"
"2014","Total police-reported cybercrime","","Rate per 100,000 population","Rate per 100,000 population","265","units","0","v116321077","1.2","47.7","","","","1"
"2014","Total Non-Census metropolitan area","","Number of cybercrime incidents","Number","223","units","0","v116321078","2.1","5075","","","","0"
"2014","Total Non-Census metropolitan area","","Rate per 100,000 population","Rate per 100,000 population","265","units","0","v116321079","2.2","58.1","","","","1"
"2014","Total Census metropolitan area","","Number of cybercrime incidents","Number","223","units","0","v116321080","3.1","10109","","","","0"
"2014","Total Census metropolitan area","","Rate per 100,000 population","Rate per 100,000 population","265","units","0","v116321081","3.2","43.7","","","","1"
"2014","Newfoundland and Labrador [10]","2021A000210","Number of cybercrime incidents","Number","223","units","0","v116321082","4.1","200","","","","0"
"2014","Newfoundland and Labrador [10]","2021A000210","Rate per 100,000 population","Rate per 100,000 population","265","units","0","v116321083","4.2","37.9","","","","1"
"2014","St. John's, Newfoundland and Labrador [10001]","2021A003510001","Number of cybercrime incidents","Number","223","units","0","v116321084","5.1","39","","","","0"
"2014","St. John's, Newfoundland and Labrador [10001]","2021A003510001","Rate per 100,000 population","Rate per 100,000 population","265","units","0","v116321085","5.2","19.1","","","","1"
"2014","Prince Edward Island [11]","2021A000211","Number of cybercrime incidents","Number","223","units","0","v116321086","6.1","91","","","","0"
"2014","Prince Edward Island [11]","2021A000211","Rate per 100,000 population","Rate per 100,000 population","265","units","0","v116321087","6.2","62.2","","","","1"
"2014","Nova Scotia [12]","2021A000212","Number of cybercrime incidents","Number","223","units","0","v116321088","7.1","1242","","","","0"
"2014","Nova Scotia [12]","2021A000212","Rate per 100,000 population","Rate per 100,000 population","265","units","0","v116321089","7.2","131.8","","","","1"
"2014","Halifax, Nova Scotia [12205]","2021A003512205","Number of cybercrime incidents","Number","223","units","0","v116321090","8.1","628","","","","0"
"2014","Halifax, Nova Scotia [12205]","2021A003512205","Rate per 100,000 population","Rate per 100,000 population","265","units","0","v116321091","8.2","151.6","","","","1"
"2014","New Brunswick [13]","2021A000213","Number of cybercrime incidents","Number","223","units","0","v116321092","9.1","476","","","","0"
"2014","New Brunswick [13]","2021A000213","Rate per 100,000 population","Rate per 100,000 population","265","units","0","v116321093","9.2","69.5","","","","1"
"2014","Moncton, New Brunswick [13305]","2021A003513305","Number of cybercrime incidents","Number","223","units","0","v116321094","10.1","126","","","","0"
"2014","Moncton, New Brunswick [13305]","2021A003513305","Rate per 100,000 population","Rate per 100,000 population","265","units","0","v116321095","10.2","87.1","","","","1"
"2014","Saint John, New Brunswick [13310]","2021A003513310","Number of cybercrime incidents","Number","223","units","0","v116321096","11.1","","..","","","0"
"2014","Saint John, New Brunswick [13310]","2021A003513310","Rate per 100,000 population","Rate per 100,000 population","265","units","0","v116321097","11.2","","..","","","1"
"2014","Quebec [24]","2021A000224","Number of cybercrime incidents","Number","223","units","0","v116321098","12.1","1847","","","","0"
"2014","Quebec [24]","2021A000224","Rate per 100,000 population","Rate per 100,000 population","265","units","0","v116321099","12.2","22.6","","","","1"
"2014","Saguenay, Quebec [24408]","2021A003524408","Number of cybercrime incidents","Number","223","units","0","v116321106","16.1","37","","","","0"
"2014","Saguenay, Quebec [24408]","2021A003524408","Rate per 100,000 population","Rate per 100,000 population","265","units","0","v116321107","16.2","22.1","","","","1"
"2014","Québec, Quebec [24421]","2021A003524421","Number of cybercrime incidents","Number","223","units","0","v116321104","15.1","","..","","","0"
"2014","Québec, Quebec [24421]","2021A003524421","Rate per 100,000 population","Rate per 100,000 population","265","units","0","v116321105","15.2","","..","","","1"
"2014","Sherbrooke, Quebec [24433]","2021A003524433","Number of cybercrime incidents","Number","223","units","0","v116321108","17.1","112","","","","0"
"2014","Sherbrooke, Quebec [24433]","2021A003524433","Rate per 100,000 population","Rate per 100,000 population","265","units","0","v116321109","17.2","57.0","","","","1"
"2014","Trois-Rivières, Quebec [24442]","2021A003524442","Number of cybercrime incidents","Number","223","units","0","v116321110","18.1","38","","","","0"
"2014","Trois-Rivières, Quebec [24442]","2021A003524442","Rate per 100,000 population","Rate per 100,000 population","265","units","0","v116321111","18.2","24.5","","","","1"
"2014","Montréal, Quebec [24462]","2021A003524462","Number of cybercrime incidents","Number","223","units","0","v116321102","14.1","854","","","","0"
"2014","Montréal, Quebec [24462]","2021A003524462","Rate per 100,000 population","Rate per 100,000 population","265","units","0","v116321103","14.2","21.2","","","","1"
"2014","Ottawa-Gatineau, Quebec part [24505]","2021A003524505","Number of cybercrime incidents","Number","223","units","0","v116321100","13.1","126","","","","0"
"2014","Ottawa-Gatineau, Quebec part [24505]","2021A003524505","Rate per 100,000 population","Rate per 100,000 population","265","units","0","v116321101","13.2","38.7","","","","1"
"2014","Ontario [35]","2021A000235","Number of cybercrime incidents","Number","223","units","0","v116321112","19.1","5383","","","","0"
"2014","Ontario [35]","2021A000235","Rate per 100,000 population","Rate per 100,000 population","265","units","0","v116321113","19.2","47.2","","","","1"
"2014","Ottawa-Gatineau, Ontario part [35505]","2021A003535505","Number of cybercrime incidents","Number","223","units","0","v116321130","28.1","383","","","","0"
"2014","Ottawa-Gatineau, Ontario part [35505]","2021A003535505","Rate per 100,000 population","Rate per 100,000 population","265","units","0","v116321131","28.2","40.4","","","","1"
"2014","Kingston, Ontario [35521]","2021A003535521","Number of cybercrime incidents","Number","223","units","0","v116321124","25.1","61","","","","0"
"2014","Kingston, Ontario [35521]","2021A003535521","Rate per 100,000 population","Rate per 100,000 population","265","units","0","v116321125","25.2","47.0","","","","1"
"2014","Peterborough, Ontario [35529]","2021A003535529","Number of cybercrime incidents","Number","223","units","0","v116321132","29.1","86","","","","0"
"2014","Peterborough, Ontario [35529]","2021A003535529","Rate per 100,000 population","Rate per 100,000 population","265","units","0","v116321133","29.2","102.1","","","","1"
"2014","Toronto, Ontario [35535]","2021A003535535","Number of cybercrime incidents","Number","223","units","0","v116321138","32.1","1716","","","","0"
"2014","Toronto, Ontario [35535]","2021A003535535","Rate per 100,000 population","Rate per 100,000 population","265","units","0","v116321139","32.2","32.3","","","","1"
"2014","Hamilton, Ontario [35537]","2021A003535537","Number of cybercrime incidents","Number","223","units","0","v116321122","24.1","280","","","","0"
"2014","Hamilton, Ontario [35537]","2021A003535537","Rate per 100,000 population","Rate per 100,000 population","265","units","0","v116321123","24.2","50.7","","","","1"
"2014","St. Catharines-Niagara, Ontario [35539]","2021A003535539","Number of cybercrime incidents","Number","223","units","0","v116321134","30.1","267","","","","0"
"2014","St. Catharines-Niagara, Ontario [35539]","2021A003535539","Rate per 100,000 population","Rate per 100,000 population","265","units","0","v116321135","30.2","59.8","","","","1"
"2014","Kitchener-Cambridge-Waterloo, Ontario [35541]","2021A003535541","Number of cybercrime incidents","Number","223","units","0","v116321126","26.1","578","","","","0"
"2014","Kitchener-Cambridge-Waterloo, Ontario [35541]","2021A003535541","Rate per 100,000 population","Rate per 100,000 population","265","units","0","v116321127","26.2","107.4","","","","1"
"2014","Brantford, Ontario [35543]","2021A003535543","Number of cybercrime incidents","Number","223","units","0","v116321116","21.1","187","","","","0"
"2014","Brantford, Ontario [35543]","2021A003535543","Rate per 100,000 population","Rate per 100,000 population","265","units","0","v116321117","21.2","189.1","","","","1"
"2014","Guelph, Ontario [35550]","2021A003535550","Number of cybercrime incidents","Number","223","units","0","v116321120","23.1","79","","","","0"
"2014","Guelph, Ontario [35550]","2021A003535550","Rate per 100,000 population","Rate per 100,000 population","265","units","0","v116321121","23.2","61.2","","","","1"
"2014","London, Ontario [35555]","2021A003535555","Number of cybercrime incidents","Number","223","units","0","v116321128","27.1","217","","","","0"
"2014","London, Ontario [35555]","2021A003535555","Rate per 100,000 population","Rate per 100,000 population","265","units","0","v116321129","27.2","48.2","","","","1"
"2014","Windsor, Ontario [35559]","2021A003535559","Number of cybercrime incidents","Number","223","units","0","v116321140","33.1","104","","","","0"
"2014","Windsor, Ontario [35559]","2021A003535559","Rate per 100,000 population","Rate per 100,000 population","265","units","0","v116321141","33.2","43.2","","","","1"
"2014","Barrie, Ontario [35568]","2021A003535568","Number of cybercrime incidents","Number","223","units","0","v116321114","20.1","42","","","","0"
"2014","Barrie, Ontario [35568]","2021A003535568","Rate per 100,000 population","Rate per 100,000 population","265","units","0","v116321115","20.2","19.9","","","","1"
"2014","Greater Sudbury, Ontario [35580]","2021A003535580","Number of cybercrime incidents","Number","223","units","0","v116321118","22.1","232","","","","0"
"2014","Greater Sudbury, Ontario [35580]","2021A003535580","Rate per 100,000 population","Rate per 100,000 population","265","units","0","v116321119","22.2","140.5","","","","1"
"2014","Thunder Bay, Ontario [35595]","2021A003535595","Number of cybercrime incidents","Number","223","units","0","v116321136","31.1","92","","","","0"
"2014","Thunder Bay, Ontario [35595]","2021A003535595","Rate per 100,000 population","Rate per 100,000 population","265","units","0","v116321137","31.2","78.8","","","","1"
"2014","Manitoba [46]","2021A000246","Number of cybercrime incidents","Number","223","units","0","v116321142","34.1","294","","","","0"
"2014","Manitoba [46]","2021A000246","Rate per 100,000 population","Rate per 100,000 population","265","units","0","v116321143","34.2","23.6","","","","1"
"2014","Winnipeg, Manitoba [46602]","2021A003546602","Number of cybercrime incidents","Number","223","units","0","v116321144","35.1","125","","","","0"
"2014","Winnipeg, Manitoba [46602]","2021A003546602","Rate per 100,000 population","Rate per 100,000 population","265","units","0","v116321145","35.2","15.8","","","","1"
"2014","Saskatchewan [47]","2021A000247","Number of cybercrime incidents","Number","223","units","0","v116321146","36.1","535","","","","0"
"2014","Saskatchewan [47]","2021A000247","Rate per 100,000 population","Rate per 100,000 population","265","units","0","v116321147","36.2","48.1","","","","1"
"2014","Regina, Saskatchewan [47705]","2021A003547705","Number of cybercrime incidents","Number","223","units","0","v116321148","37.1","47","","","","0"
"2014","Regina, Saskatchewan [47705]","2021A003547705","Rate per 100,000 population","Rate per 100,000 population","265","units","0","v116321149","37.2","19.6","","","","1"
"2014","Saskatoon, Saskatchewan [47725]","2021A003547725","Number of cybercrime incidents","Number","223","units","0","v116321150","38.1","137","","","","0"
"2014","Saskatoon, Saskatchewan [47725]","2021A003547725","Rate per 100,000 population","Rate per 100,000 population","265","units","0","v116321151","38.2","45.0","","","","1"
"2014","Alberta [48]","2021A000248","Number of cybercrime incidents","Number","223","units","0","v116321152","39.1","1638","","","","0"
"2014","Alberta [48]","2021A000248","Rate per 100,000 population","Rate per 100,000 population","265","units","0","v116321153","39.2","57.1","","","","1"
"2014","Calgary, Alberta [48825]","2021A003548825","Number of cybercrime incidents","Number","223","units","0","v116321154","40.1","","..","","","0"
"2014","Calgary, Alberta [48825]","2021A003548825","Rate per 100,000 population","Rate per 100,000 population","265","units","0","v116321155","40.2","","..","","","1"
"2014","Edmonton, Alberta [48835]","2021A003548835","Number of cybercrime incidents","Number","223","units","0","v116321156","41.1","531","","","","0"
"2014","Edmonton, Alberta [48835]","2021A003548835","Rate per 100,000 population","Rate per 100,000 population","265","units","0","v116321157","41.2","40.0","","","","1"
"2014","British Columbia [59]","2021A000259","Number of cybercrime incidents","Number","223","units","0","v116321158","42.1","3433","","","","0"
"2014","British Columbia [59]","2021A000259","Rate per 100,000 population","Rate per 100,000 population","265","units","0","v116321159","42.2","74.1","","","","1"
"2014","Kelowna, British Columbia [59915]","2021A003559915","Number of cybercrime incidents","Number","223","units","0","v116321162","44.1","189","","","","0"
"2014","Kelowna, British Columbia [59915]","2021A003559915","Rate per 100,000 population","Rate per 100,000 population","265","units","0","v116321163","44.2","99.5","","","","1"
"2014","Abbotsford-Mission, British Columbia [59932]","2021A003559932","Number of cybercrime incidents","Number","223","units","0","v116321160","43.1","179","","","","0"
"2014","Abbotsford-Mission, British Columbia [59932]","2021A003559932","Rate per 100,000 population","Rate per 100,000 population","265","units","0","v116321161","43.2","100.0","","","","1"
"2014","Vancouver, British Columbia [59933]","2021A003559933","Number of cybercrime incidents","Number","223","units","0","v116321164","45.1","1832","","","","0"
"2014","Vancouver, British Columbia [59933]","2021A003559933","Rate per 100,000 population","Rate per 100,000 population","265","units","0","v116321165","45.2","74.1","","","","1"
"2014","Victoria, British Columbia [59935]","2021A003559935","Number of cybercrime incidents","Number","223","units","0","v116321166","46.1","232","","","","0"
"2014","Victoria, British Columbia [59935]","2021A003559935","Rate per 100,000 population","Rate per 100,000 population","265","units","0","v116321167","46.2","64.6","","","","1"
"2014","Yukon [60]","2021A000260","Number of cybercrime incidents","Number","223","units","0","v116321168","47.1","22","","","","0"
"2014","Yukon [60]","2021A000260","Rate per 100,000 population","Rate per 100,000 population","265","units","0","v116321169","47.2","60.3","","","","1"
"2014","Northwest Territories [61]","2021A000261","Number of cybercrime incidents","Number","223","units","0","v116321170","48.1","15","","","","0"
"2014","Northwest Territories [61]","2021A000261","Rate per 100,000 population","Rate per 100,000 population","265","units","0","v116321171","48.2","34.4","","","","1"
"2014","Nunavut [62]","2021A000262","Number of cybercrime incidents","Number","223","units","0","v116321172","49.1","8","","","","0"
"2014","Nunavut [62]","2021A000262","Rate per 100,000 population","Rate per 100,000 population","265","units","0","v116321173","49.2","21.9","","","","1"
"2015","Total police-reported cybercrime","","Number of cybercrime incidents","Number","223","units","0","v116321076","1.1","17887","","","","0"
"2015","Total police-reported cybercrime","","Rate per 100,000 population","Rate per 100,000 population","265","units","0","v116321077","1.2","55.6","","","","1"
"2015","Total Non-Census metropolitan area","","Number of cybercrime incidents","Number","223","units","0","v116321078","2.1","5811","","","","0"
"2015","Total Non-Census metropolitan area","","Rate per 100,000 population","Rate per 100,000 population","265","units","0","v116321079","2.2","66.3","","","","1"
"2015","Total Census metropolitan area","","Number of cybercrime incidents","Number","223","units","0","v116321080","3.1","12076","","","","0"
"2015","Total Census metropolitan area","","Rate per 100,000 population","Rate per 100,000 population","265","units","0","v116321081","3.2","51.6","","","","1"
"2015","Newfoundland and Labrador [10]","2021A000210","Number of cybercrime incidents","Number","223","units","0","v116321082","4.1","190","","","","0"
"2015","Newfoundland and Labrador [10]","2021A000210","Rate per 100,000 population","Rate per 100,000 population","265","units","0","v116321083","4.2","36.0","","","","1"
"2015","St. John's, Newfoundland and Labrador [10001]","2021A003510001","Number of cybercrime incidents","Number","223","units","0","v116321084","5.1","34","","","","0"
"2015","St. John's, Newfoundland and Labrador [10001]","2021A003510001","Rate per 100,000 population","Rate per 100,000 population","265","units","0","v116321085","5.2","16.5","","","","1"
"2015","Prince Edward Island [11]","2021A000211","Number of cybercrime incidents","Number","223","units","0","v116321086","6.1","79","","","","0"
"2015","Prince Edward Island [11]","2021A000211","Rate per 100,000 population","Rate per 100,000 population","265","units","0","v116321087","6.2","53.9","","","","1"
"2015","Nova Scotia [12]","2021A000212","Number of cybercrime incidents","Number","223","units","0","v116321088","7.1","1377","","","","0"
"2015","Nova Scotia [12]","2021A000212","Rate per 100,000 population","Rate per 100,000 population","265","units","0","v116321089","7.2","146.0","","","","1"
"2015","Halifax, Nova Scotia [12205]","2021A003512205","Number of cybercrime incidents","Number","223","units","0","v116321090","8.1","645","","","","0"
"2015","Halifax, Nova Scotia [12205]","2021A003512205","Rate per 100,000 population","Rate per 100,000 population","265","units","0","v116321091","8.2","154.4","","","","1"
"2015","New Brunswick [13]","2021A000213","Number of cybercrime incidents","Number","223","units","0","v116321092","9.1","504","","","","0"
"2015","New Brunswick [13]","2021A000213","Rate per 100,000 population","Rate per 100,000 population","265","units","0","v116321093","9.2","73.6","","","","1"
"2015","Moncton, New Brunswick [13305]","2021A003513305","Number of cybercrime incidents","Number","223","units","0","v116321094","10.1","119","","","","0"
"2015","Moncton, New Brunswick [13305]","2021A003513305","Rate per 100,000 population","Rate per 100,000 population","265","units","0","v116321095","10.2","81.3","","","","1"
"2015","Saint John, New Brunswick [13310]","2021A003513310","Number of cybercrime incidents","Number","223","units","0","v116321096","11.1","","..","","","0"
"2015","Saint John, New Brunswick [13310]","2021A003513310","Rate per 100,000 population","Rate per 100,000 population","265","units","0","v116321097","11.2","","..","","","1"
"2015","Quebec [24]","2021A000224","Number of cybercrime incidents","Number","223","units","0","v116321098","12.1","2160","","","","0"
"2015","Quebec [24]","2021A000224","Rate per 100,000 population","Rate per 100,000 population","265","units","0","v116321099","12.2","26.3","","","","1"
"2015","Saguenay, Quebec [24408]","2021A003524408","Number of cybercrime incidents","Number","223","units","0","v116321106","16.1","45","","","","0"
"2015","Saguenay, Quebec [24408]","2021A003524408","Rate per 100,000 population","Rate per 100,000 population","265","units","0","v116321107","16.2","26.9","","","","1"
"2015","Québec, Quebec [24421]","2021A003524421","Number of cybercrime incidents","Number","223","units","0","v116321104","15.1","","..","","","0"
"2015","Québec, Quebec [24421]","2021A003524421","Rate per 100,000 population","Rate per 100,000 population","265","units","0","v116321105","15.2","","..","","","1"
"2015","Sherbrooke, Quebec [24433]","2021A003524433","Number of cybercrime incidents","Number","223","units","0","v116321108","17.1","125","","","","0"
"2015","Sherbrooke, Quebec [24433]","2021A003524433","Rate per 100,000 population","Rate per 100,000 population","265","units","0","v116321109","17.2","62.9","","","","1"
"2015","Trois-Rivières, Quebec [24442]","2021A003524442","Number of cybercrime incidents","Number","223","units","0","v116321110","18.1","47","","","","0"
"2015","Trois-Rivières, Quebec [24442]","2021A003524442","Rate per 100,000 population","Rate per 100,000 population","265","units","0","v116321111","18.2","30.2","","","","1"
"2015","Montréal, Quebec [24462]","2021A003524462","Number of cybercrime incidents","Number","223","units","0","v116321102","14.1","964","","","","0"
"2015","Montréal, Quebec [24462]","2021A003524462","Rate per 100,000 population","Rate per 100,000 population","265","units","0","v116321103","14.2","23.8","","","","1"
"2015","Ottawa-Gatineau, Quebec part [24505]","2021A003524505","Number of cybercrime incidents","Number","223","units","0","v116321100","13.1","157","","","","0"
"2015","Ottawa-Gatineau, Quebec part [24505]","2021A003524505","Rate per 100,000 population","Rate per 100,000 population","265","units","0","v116321101","13.2","47.9","","","","1"
"2015","Ontario [35]","2021A000235","Number of cybercrime incidents","Number","223","units","0","v116321112","19.1","6477","","","","0"
"2015","Ontario [35]","2021A000235","Rate per 100,000 population","Rate per 100,000 population","265","units","0","v116321113","19.2","56.2","","","","1"
"2015","Ottawa-Gatineau, Ontario part [35505]","2021A003535505","Number of cybercrime incidents","Number","223","units","0","v116321130","28.1","503","","","","0"
"2015","Ottawa-Gatineau, Ontario part [35505]","2021A003535505","Rate per 100,000 population","Rate per 100,000 population","265","units","0","v116321131","28.2","52.6","","","","1"
"2015","Kingston, Ontario [35521]","2021A003535521","Number of cybercrime incidents","Number","223","units","0","v116321124","25.1","60","","","","0"
"2015","Kingston, Ontario [35521]","2021A003535521","Rate per 100,000 population","Rate per 100,000 population","265","units","0","v116321125","25.2","46.0","","","","1"
"2015","Peterborough, Ontario [35529]","2021A003535529","Number of cybercrime incidents","Number","223","units","0","v116321132","29.1","95","","","","0"
"2015","Peterborough, Ontario [35529]","2021A003535529","Rate per 100,000 population","Rate per 100,000 population","265","units","0","v116321133","29.2","102.0","","","","1"
"2015","Toronto, Ontario [35535]","2021A003535535","Number of cybercrime incidents","Number","223","units","0","v116321138","32.1","2009","","","","0"
"2015","Toronto, Ontario [35535]","2021A003535535","Rate per 100,000 population","Rate per 100,000 population","265","units","0","v116321139","32.2","37.4","","","","1"
"2015","Hamilton, Ontario [35537]","2021A003535537","Number of cybercrime incidents","Number","223","units","0","v116321122","24.1","342","","","","0"
"2015","Hamilton, Ontario [35537]","2021A003535537","Rate per 100,000 population","Rate per 100,000 population","265","units","0","v116321123","24.2","61.5","","","","1"
"2015","St. Catharines-Niagara, Ontario [35539]","2021A003535539","Number of cybercrime incidents","Number","223","units","0","v116321134","30.1","349","","","","0"
"2015","St. Catharines-Niagara, Ontario [35539]","2021A003535539","Rate per 100,000 population","Rate per 100,000 population","265","units","0","v116321135","30.2","77.7","","","","1"
"2015","Kitchener-Cambridge-Waterloo, Ontario [35541]","2021A003535541","Number of cybercrime incidents","Number","223","units","0","v116321126","26.1","717","","","","0"
"2015","Kitchener-Cambridge-Waterloo, Ontario [35541]","2021A003535541","Rate per 100,000 population","Rate per 100,000 population","265","units","0","v116321127","26.2","132.2","","","","1"
"2015","Brantford, Ontario [35543]","2021A003535543","Number of cybercrime incidents","Number","223","units","0","v116321116","21.1","228","","","","0"
"2015","Brantford, Ontario [35543]","2021A003535543","Rate per 100,000 population","Rate per 100,000 population","265","units","0","v116321117","21.2","229.4","","","","1"
"2015","Guelph, Ontario [35550]","2021A003535550","Number of cybercrime incidents","Number","223","units","0","v116321120","23.1","146","","","","0"
"2015","Guelph, Ontario [35550]","2021A003535550","Rate per 100,000 population","Rate per 100,000 population","265","units","0","v116321121","23.2","111.9","","","","1"
"2015","London, Ontario [35555]","2021A003535555","Number of cybercrime incidents","Number","223","units","0","v116321128","27.1","290","","","","0"
"2015","London, Ontario [35555]","2021A003535555","Rate per 100,000 population","Rate per 100,000 population","265","units","0","v116321129","27.2","63.9","","","","1"
"2015","Windsor, Ontario [35559]","2021A003535559","Number of cybercrime incidents","Number","223","units","0","v116321140","33.1","89","","","","0"
"2015","Windsor, Ontario [35559]","2021A003535559","Rate per 100,000 population","Rate per 100,000 population","265","units","0","v116321141","33.2","36.8","","","","1"
"2015","Barrie, Ontario [35568]","2021A003535568","Number of cybercrime incidents","Number","223","units","0","v116321114","20.1","51","","","","0"
"2015","Barrie, Ontario [35568]","2021A003535568","Rate per 100,000 population","Rate per 100,000 population","265","units","0","v116321115","20.2","23.9","","","","1"
"2015","Greater Sudbury, Ontario [35580]","2021A003535580","Number of cybercrime incidents","Number","223","units","0","v116321118","22.1","274","","","","0"
"2015","Greater Sudbury, Ontario [35580]","2021A003535580","Rate per 100,000 population","Rate per 100,000 population","265","units","0","v116321119","22.2","166.8","","","","1"
"2015","Thunder Bay, Ontario [35595]","2021A003535595","Number of cybercrime incidents","Number","223","units","0","v116321136","31.1","69","","","","0"
"2015","Thunder Bay, Ontario [35595]","2021A003535595","Rate per 100,000 population","Rate per 100,000 population","265","units","0","v116321137","31.2","59.3","","","","1"
"2015","Manitoba [46]","2021A000246","Number of cybercrime incidents","Number","223","units","0","v116321142","34.1","294","","","","0"
"2015","Manitoba [46]","2021A000246","Rate per 100,000 population","Rate per 100,000 population","265","units","0","v116321143","34.2","23.3","","","","1"
"2015","Winnipeg, Manitoba [46602]","2021A003546602","Number of cybercrime incidents","Number","223","units","0","v116321144","35.1","123","","","","0"
"2015","Winnipeg, Manitoba [46602]","2021A003546602","Rate per 100,000 population","Rate per 100,000 population","265","units","0","v116321145","35.2","15.2","","","","1"
"2015","Saskatchewan [47]","2021A000247","Number of cybercrime incidents","Number","223","units","0","v116321146","36.1","686","","","","0"
"2015","Saskatchewan [47]","2021A000247","Rate per 100,000 population","Rate per 100,000 population","265","units","0","v116321147","36.2","61.3","","","","1"
"2015","Regina, Saskatchewan [47705]","2021A003547705","Number of cybercrime incidents","Number","223","units","0","v116321148","37.1","36","","","","0"
"2015","Regina, Saskatchewan [47705]","2021A003547705","Rate per 100,000 population","Rate per 100,000 population","265","units","0","v116321149","37.2","14.8","","","","1"
"2015","Saskatoon, Saskatchewan [47725]","2021A003547725","Number of cybercrime incidents","Number","223","units","0","v116321150","38.1","180","","","","0"
"2015","Saskatoon, Saskatchewan [47725]","2021A003547725","Rate per 100,000 population","Rate per 100,000 population","265","units","0","v116321151","38.2","58.3","","","","1"
"2015","Alberta [48]","2021A000248","Number of cybercrime incidents","Number","223","units","0","v116321152","39.1","2015","","","","0"
"2015","Alberta [48]","2021A000248","Rate per 100,000 population","Rate per 100,000 population","265","units","0","v116321153","39.2","69.1","","","","1"
"2015","Calgary, Alberta [48825]","2021A003548825","Number of cybercrime incidents","Number","223","units","0","v116321154","40.1","","..","","","0"
"2015","Calgary, Alberta [48825]","2021A003548825","Rate per 100,000 population","Rate per 100,000 population","265","units","0","v116321155","40.2","","..","","","1"
"2015","Edmonton, Alberta [48835]","2021A003548835","Number of cybercrime incidents","Number","223","units","0","v116321156","41.1","871","","","","0"
"2015","Edmonton, Alberta [48835]","2021A003548835","Rate per 100,000 population","Rate per 100,000 population","265","units","0","v116321157","41.2","64.0","","","","1"
"2015","British Columbia [59]","2021A000259","Number of cybercrime incidents","Number","223","units","0","v116321158","42.1","4024","","","","0"
"2015","British Columbia [59]","2021A000259","Rate per 100,000 population","Rate per 100,000 population","265","units","0","v116321159","42.2","85.9","","","","1"
"2015","Kelowna, British Columbia [59915]","2021A003559915","Number of cybercrime incidents","Number","223","units","0","v116321162","44.1","191","","","","0"
"2015","Kelowna, British Columbia [59915]","2021A003559915","Rate per 100,000 population","Rate per 100,000 population","265","units","0","v116321163","44.2","97.4","","","","1"
"2015","Abbotsford-Mission, British Columbia [59932]","2021A003559932","Number of cybercrime incidents","Number","223","units","0","v116321160","43.1","126","","","","0"
"2015","Abbotsford-Mission, British Columbia [59932]","2021A003559932","Rate per 100,000 population","Rate per 100,000 population","265","units","0","v116321161","43.2","68.3","","","","1"
"2015","Vancouver, British Columbia [59933]","2021A003559933","Number of cybercrime incidents","Number","223","units","0","v116321164","45.1","2086","","","","0"
"2015","Vancouver, British Columbia [59933]","2021A003559933","Rate per 100,000 population","Rate per 100,000 population","265","units","0","v116321165","45.2","83.3","","","","1"
"2015","Victoria, British Columbia [59935]","2021A003559935","Number of cybercrime incidents","Number","223","units","0","v116321166","46.1","546","","","","0"
"2015","Victoria, British Columbia [59935]","2021A003559935","Rate per 100,000 population","Rate per 100,000 population","265","units","0","v116321167","46.2","149.5","","","","1"
"2015","Yukon [60]","2021A000260","Number of cybercrime incidents","Number","223","units","0","v116321168","47.1","36","","","","0"
"2015","Yukon [60]","2021A000260","Rate per 100,000 population","Rate per 100,000 population","265","units","0","v116321169","47.2","96.2","","","","1"
"2015","Northwest Territories [61]","2021A000261","Number of cybercrime incidents","Number","223","units","0","v116321170","48.1","39","","","","0"
"2015","Northwest Territories [61]","2021A000261","Rate per 100,000 population","Rate per 100,000 population","265","units","0","v116321171","48.2","88.5","","","","1"
"2015","Nunavut [62]","2021A000262","Number of cybercrime incidents","Number","223","units","0","v116321172","49.1","6","","","","0"
"2015","Nunavut [62]","2021A000262","Rate per 100,000 population","Rate per 100,000 population","265","units","0","v116321173","49.2","16.3","","","","1"
"2016","Total police-reported cybercrime","","Number of cybercrime incidents","Number","223","units","0","v116321076","1.1","23996","","","","0"
"2016","Total police-reported cybercrime","","Rate per 100,000 population","Rate per 100,000 population","265","units","0","v116321077","1.2","74.1","","","","1"
"2016","Total Non-Census metropolitan area","","Number of cybercrime incidents","Number","223","units","0","v116321078","2.1","6832","","","","0"
"2016","Total Non-Census metropolitan area","","Rate per 100,000 population","Rate per 100,000 population","265","units","0","v116321079","2.2","79.9","","","","1"
"2016","Total Census metropolitan area","","Number of cybercrime incidents","Number","223","units","0","v116321080","3.1","17164","","","","0"
"2016","Total Census metropolitan area","","Rate per 100,000 population","Rate per 100,000 population","265","units","0","v116321081","3.2","72.1","","","","1"
"2016","Newfoundland and Labrador [10]","2021A000210","Number of cybercrime incidents","Number","223","units","0","v116321082","4.1","217","","","","0"
"2016","Newfoundland and Labrador [10]","2021A000210","Rate per 100,000 population","Rate per 100,000 population","265","units","0","v116321083","4.2","41.0","","","","1"
"2016","St. John's, Newfoundland and Labrador [10001]","2021A003510001","Number of cybercrime incidents","Number","223","units","0","v116321084","5.1","49","","","","0"
"2016","St. John's, Newfoundland and Labrador [10001]","2021A003510001","Rate per 100,000 population","Rate per 100,000 population","265","units","0","v116321085","5.2","23.5","","","","1"
"2016","Prince Edward Island [11]","2021A000211","Number of cybercrime incidents","Number","223","units","0","v116321086","6.1","113","","","","0"
"2016","Prince Edward Island [11]","2021A000211","Rate per 100,000 population","Rate per 100,000 population","265","units","0","v116321087","6.2","77.1","","","","1"
"2016","Nova Scotia [12]","2021A000212","Number of cybercrime incidents","Number","223","units","0","v116321088","7.1","1304","","","","0"
"2016","Nova Scotia [12]","2021A000212","Rate per 100,000 population","Rate per 100,000 population","265","units","0","v116321089","7.2","138.3","","","","1"
"2016","Halifax, Nova Scotia [12205]","2021A003512205","Number of cybercrime incidents","Number","223","units","0","v116321090","8.1","515","","","","0"
"2016","Halifax, Nova Scotia [12205]","2021A003512205","Rate per 100,000 population","Rate per 100,000 population","265","units","0","v116321091","8.2","124.3","","","","1"
"2016","New Brunswick [13]","2021A000213","Number of cybercrime incidents","Number","223","units","0","v116321092","9.1","576","","","","0"
"2016","New Brunswick [13]","2021A000213","Rate per 100,000 population","Rate per 100,000 population","265","units","0","v116321093","9.2","82.9","","","","1"
"2016","Moncton, New Brunswick [13305]","2021A003513305","Number of cybercrime incidents","Number","223","units","0","v116321094","10.1","97","","","","0"
"2016","Moncton, New Brunswick [13305]","2021A003513305","Rate per 100,000 population","Rate per 100,000 population","265","units","0","v116321095","10.2","61.5","","","","1"
"2016","Saint John, New Brunswick [13310]","2021A003513310","Number of cybercrime incidents","Number","223","units","0","v116321096","11.1","","..","","","0"
"2016","Saint John, New Brunswick [13310]","2021A003513310","Rate per 100,000 population","Rate per 100,000 population","265","units","0","v116321097","11.2","","..","","","1"
"2016","Fredericton, New Brunswick [13320]","2021A003513320","Number of cybercrime incidents","Number","223","units","0","v1593158550","53.1","","..","","","0"
"2016","Fredericton, New Brunswick [13320]","2021A003513320","Rate per 100,000 population","Rate per 100,000 population","265","units","0","v1593158551","53.2","","..","","","1"
"2016","Quebec [24]","2021A000224","Number of cybercrime incidents","Number","223","units","0","v116321098","12.1","3081","","","","0"
"2016","Quebec [24]","2021A000224","Rate per 100,000 population","Rate per 100,000 population","265","units","0","v116321099","12.2","37.7","","","","1"
"2016","Saguenay, Quebec [24408]","2021A003524408","Number of cybercrime incidents","Number","223","units","0","v116321106","16.1","52","","","","0"
"2016","Saguenay, Quebec [24408]","2021A003524408","Rate per 100,000 population","Rate per 100,000 population","265","units","0","v116321107","16.2","30.9","","","","1"
"2016","Québec, Quebec [24421]","2021A003524421","Number of cybercrime incidents","Number","223","units","0","v116321104","15.1","523","","","","0"
"2016","Québec, Quebec [24421]","2021A003524421","Rate per 100,000 population","Rate per 100,000 population","265","units","0","v116321105","15.2","65.6","","","","1"
"2016","Sherbrooke, Quebec [24433]","2021A003524433","Number of cybercrime incidents","Number","223","units","0","v116321108","17.1","133","","","","0"
"2016","Sherbrooke, Quebec [24433]","2021A003524433","Rate per 100,000 population","Rate per 100,000 population","265","units","0","v116321109","17.2","67.3","","","","1"
"2016","Trois-Rivières, Quebec [24442]","2021A003524442","Number of cybercrime incidents","Number","223","units","0","v116321110","18.1","47","","","","0"
"2016","Trois-Rivières, Quebec [24442]","2021A003524442","Rate per 100,000 population","Rate per 100,000 population","265","units","0","v116321111","18.2","30.3","","","","1"
"2016","Drummondville, Quebec [24447]","2021A003524447","Number of cybercrime incidents","Number","223","units","0","v1593158552","54.1","","..","","","0"
"2016","Drummondville, Quebec [24447]","2021A003524447","Rate per 100,000 population","Rate per 100,000 population","265","units","0","v1593158553","54.2","","..","","","1"
"2016","Montréal, Quebec [24462]","2021A003524462","Number of cybercrime incidents","Number","223","units","0","v116321102","14.1","1115","","","","0"
"2016","Montréal, Quebec [24462]","2021A003524462","Rate per 100,000 population","Rate per 100,000 population","265","units","0","v116321103","14.2","27.1","","","","1"
"2016","Ottawa-Gatineau, Quebec part [24505]","2021A003524505","Number of cybercrime incidents","Number","223","units","0","v116321100","13.1","292","","","","0"
"2016","Ottawa-Gatineau, Quebec part [24505]","2021A003524505","Rate per 100,000 population","Rate per 100,000 population","265","units","0","v116321101","13.2","89.0","","","","1"
"2016","Ontario [35]","2021A000235","Number of cybercrime incidents","Number","223","units","0","v116321112","19.1","8189","","","","0"
"2016","Ontario [35]","2021A000235","Rate per 100,000 population","Rate per 100,000 population","265","units","0","v116321113","19.2","70.8","","","","1"
"2016","Ottawa-Gatineau, Ontario part [35505]","2021A003535505","Number of cybercrime incidents","Number","223","units","0","v116321130","28.1","706","","","","0"
"2016","Ottawa-Gatineau, Ontario part [35505]","2021A003535505","Rate per 100,000 population","Rate per 100,000 population","265","units","0","v116321131","28.2","73.2","","","","1"
"2016","Kingston, Ontario [35521]","2021A003535521","Number of cybercrime incidents","Number","223","units","0","v116321124","25.1","79","","","","0"
"2016","Kingston, Ontario [35521]","2021A003535521","Rate per 100,000 population","Rate per 100,000 population","265","units","0","v116321125","25.2","61.9","","","","1"
"2016","Belleville-Quinte West, Ontario [35522]","2021A003535522","Number of cybercrime incidents","Number","223","units","0","v1066363730","50.1","47","","","","0"
"2016","Belleville-Quinte West, Ontario [35522]","2021A003535522","Rate per 100,000 population","Rate per 100,000 population","265","units","0","v1066363731","50.2","90.1","","","","1"
"2016","Peterborough, Ontario [35529]","2021A003535529","Number of cybercrime incidents","Number","223","units","0","v116321132","29.1","123","","","","0"
"2016","Peterborough, Ontario [35529]","2021A003535529","Rate per 100,000 population","Rate per 100,000 population","265","units","0","v116321133","29.2","129.5","","","","1"
"2016","Toronto, Ontario [35535]","2021A003535535","Number of cybercrime incidents","Number","223","units","0","v116321138","32.1","2566","","","","0"
"2016","Toronto, Ontario [35535]","2021A003535535","Rate per 100,000 population","Rate per 100,000 population","265","units","0","v116321139","32.2","47.9","","","","1"
"2016","Hamilton, Ontario [35537]","2021A003535537","Number of cybercrime incidents","Number","223","units","0","v116321122","24.1","380","","","","0"
"2016","Hamilton, Ontario [35537]","2021A003535537","Rate per 100,000 population","Rate per 100,000 population","265","units","0","v116321123","24.2","68.6","","","","1"
"2016","St. Catharines-Niagara, Ontario [35539]","2021A003535539","Number of cybercrime incidents","Number","223","units","0","v116321134","30.1","469","","","","0"
"2016","St. Catharines-Niagara, Ontario [35539]","2021A003535539","Rate per 100,000 population","Rate per 100,000 population","265","units","0","v116321135","30.2","101.8","","","","1"
"2016","Kitchener-Cambridge-Waterloo, Ontario [35541]","2021A003535541","Number of cybercrime incidents","Number","223","units","0","v116321126","26.1","697","","","","0"
"2016","Kitchener-Cambridge-Waterloo, Ontario [35541]","2021A003535541","Rate per 100,000 population","Rate per 100,000 population","265","units","0","v116321127","26.2","126.0","","","","1"
"2016","Brantford, Ontario [35543]","2021A003535543","Number of cybercrime incidents","Number","223","units","0","v116321116","21.1","295","","","","0"
"2016","Brantford, Ontario [35543]","2021A003535543","Rate per 100,000 population","Rate per 100,000 population","265","units","0","v116321117","21.2","290.6","","","","1"
"2016","Guelph, Ontario [35550]","2021A003535550","Number of cybercrime incidents","Number","223","units","0","v116321120","23.1","236","","","","0"
"2016","Guelph, Ontario [35550]","2021A003535550","Rate per 100,000 population","Rate per 100,000 population","265","units","0","v116321121","23.2","172.8","","","","1"
"2016","London, Ontario [35555]","2021A003535555","Number of cybercrime incidents","Number","223","units","0","v116321128","27.1","383","","","","0"
"2016","London, Ontario [35555]","2021A003535555","Rate per 100,000 population","Rate per 100,000 population","265","units","0","v116321129","27.2","83.6","","","","1"
"2016","Windsor, Ontario [35559]","2021A003535559","Number of cybercrime incidents","Number","223","units","0","v116321140","33.1","107","","","","0"
"2016","Windsor, Ontario [35559]","2021A003535559","Rate per 100,000 population","Rate per 100,000 population","265","units","0","v116321141","33.2","43.4","","","","1"
"2016","Barrie, Ontario [35568]","2021A003535568","Number of cybercrime incidents","Number","223","units","0","v116321114","20.1","95","","","","0"
"2016","Barrie, Ontario [35568]","2021A003535568","Rate per 100,000 population","Rate per 100,000 population","265","units","0","v116321115","20.2","43.0","","","","1"
"2016","Greater Sudbury, Ontario [35580]","2021A003535580","Number of cybercrime incidents","Number","223","units","0","v116321118","22.1","382","","","","0"
"2016","Greater Sudbury, Ontario [35580]","2021A003535580","Rate per 100,000 population","Rate per 100,000 population","265","units","0","v116321119","22.2","230.0","","","","1"
"2016","Thunder Bay, Ontario [35595]","2021A003535595","Number of cybercrime incidents","Number","223","units","0","v116321136","31.1","111","","","","0"
"2016","Thunder Bay, Ontario [35595]","2021A003535595","Rate per 100,000 population","Rate per 100,000 population","265","units","0","v116321137","31.2","94.9","","","","1"
"2016","Manitoba [46]","2021A000246","Number of cybercrime incidents","Number","223","units","0","v116321142","34.1","565","","","","0"
"2016","Manitoba [46]","2021A000246","Rate per 100,000 population","Rate per 100,000 population","265","units","0","v116321143","34.2","44.0","","","","1"
"2016","Winnipeg, Manitoba [46602]","2021A003546602","Number of cybercrime incidents","Number","223","units","0","v116321144","35.1","321","","","","0"
"2016","Winnipeg, Manitoba [46602]","2021A003546602","Rate per 100,000 population","Rate per 100,000 population","265","units","0","v116321145","35.2","40.7","","","","1"
"2016","Saskatchewan [47]","2021A000247","Number of cybercrime incidents","Number","223","units","0","v116321146","36.1","872","","","","0"
"2016","Saskatchewan [47]","2021A000247","Rate per 100,000 population","Rate per 100,000 population","265","units","0","v116321147","36.2","77.8","","","","1"
"2016","Regina, Saskatchewan [47705]","2021A003547705","Number of cybercrime incidents","Number","223","units","0","v116321148","37.1","110","","","","0"
"2016","Regina, Saskatchewan [47705]","2021A003547705","Rate per 100,000 population","Rate per 100,000 population","265","units","0","v116321149","37.2","44.4","","","","1"
"2016","Saskatoon, Saskatchewan [47725]","2021A003547725","Number of cybercrime incidents","Number","223","units","0","v116321150","38.1","193","","","","0"
"2016","Saskatoon, Saskatchewan [47725]","2021A003547725","Rate per 100,000 population","Rate per 100,000 population","265","units","0","v116321151","38.2","61.8","","","","1"
"2016","Alberta [48]","2021A000248","Number of cybercrime incidents","Number","223","units","0","v116321152","39.1","2891","","","","0"
"2016","Alberta [48]","2021A000248","Rate per 100,000 population","Rate per 100,000 population","265","units","0","v116321153","39.2","98.7","","","","1"
"2016","Lethbridge, Alberta [48810]","2021A003548810","Number of cybercrime incidents","Number","223","units","0","v1066363732","51.1","187","","","","0"
"2016","Lethbridge, Alberta [48810]","2021A003548810","Rate per 100,000 population","Rate per 100,000 population","265","units","0","v1066363733","51.2","156.1","","","","1"
"2016","Calgary, Alberta [48825]","2021A003548825","Number of cybercrime incidents","Number","223","units","0","v116321154","40.1","129","","","","0"
"2016","Calgary, Alberta [48825]","2021A003548825","Rate per 100,000 population","Rate per 100,000 population","265","units","0","v116321155","40.2","74.3","","","","1"
"2016","Red Deer, Alberta [48830]","2021A003548830","Number of cybercrime incidents","Number","223","units","0","v1593158554","55.1","","..","","","0"
"2016","Red Deer, Alberta [48830]","2021A003548830","Rate per 100,000 population","Rate per 100,000 population","265","units","0","v1593158555","55.2","","..","","","1"
"2016","Edmonton, Alberta [48835]","2021A003548835","Number of cybercrime incidents","Number","223","units","0","v116321156","41.1","1487","","","","0"
"2016","Edmonton, Alberta [48835]","2021A003548835","Rate per 100,000 population","Rate per 100,000 population","265","units","0","v116321157","41.2","108.4","","","","1"
"2016","British Columbia [59]","2021A000259","Number of cybercrime incidents","Number","223","units","0","v116321158","42.1","6107","","","","0"
"2016","British Columbia [59]","2021A000259","Rate per 100,000 population","Rate per 100,000 population","265","units","0","v116321159","42.2","125.6","","","","1"
"2016","Kelowna, British Columbia [59915]","2021A003559915","Number of cybercrime incidents","Number","223","units","0","v116321162","44.1","275","","","","0"
"2016","Kelowna, British Columbia [59915]","2021A003559915","Rate per 100,000 population","Rate per 100,000 population","265","units","0","v116321163","44.2","135.8","","","","1"
"2016","Kamloops, British Columbia [59925]","2021A003559925","Number of cybercrime incidents","Number","223","units","0","v1593158556","56.1","","..","","","0"
"2016","Kamloops, British Columbia [59925]","2021A003559925","Rate per 100,000 population","Rate per 100,000 population","265","units","0","v1593158557","56.2","","..","","","1"
"2016","Chilliwack, British Columbia [59930]","2021A003559930","Number of cybercrime incidents","Number","223","units","0","v1593158558","57.1","","..","","","0"
"2016","Chilliwack, British Columbia [59930]","2021A003559930","Rate per 100,000 population","Rate per 100,000 population","265","units","0","v1593158559","57.2","","..","","","1"
"2016","Abbotsford-Mission, British Columbia [59932]","2021A003559932","Number of cybercrime incidents","Number","223","units","0","v116321160","43.1","217","","","","0"
"2016","Abbotsford-Mission, British Columbia [59932]","2021A003559932","Rate per 100,000 population","Rate per 100,000 population","265","units","0","v116321161","43.2","115.0","","","","1"
"2016","Vancouver, British Columbia [59933]","2021A003559933","Number of cybercrime incidents","Number","223","units","0","v116321164","45.1","3602","","","","0"
"2016","Vancouver, British Columbia [59933]","2021A003559933","Rate per 100,000 population","Rate per 100,000 population","265","units","0","v116321165","45.2","139.3","","","","1"
"2016","Victoria, British Columbia [59935]","2021A003559935","Number of cybercrime incidents","Number","223","units","0","v116321166","46.1","527","","","","0"
"2016","Victoria, British Columbia [59935]","2021A003559935","Rate per 100,000 population","Rate per 100,000 population","265","units","0","v116321167","46.2","136.8","","","","1"
"2016","Nanaimo, British Columbia [59938]","2021A003559938","Number of cybercrime incidents","Number","223","units","0","v1593158560","58.1","","..","","","0"
"2016","Nanaimo, British Columbia [59938]","2021A003559938","Rate per 100,000 population","Rate per 100,000 population","265","units","0","v1593158561","58.2","","..","","","1"
"2016","Yukon [60]","2021A000260","Number of cybercrime incidents","Number","223","units","0","v116321168","47.1","33","","","","0"
"2016","Yukon [60]","2021A000260","Rate per 100,000 population","Rate per 100,000 population","265","units","0","v116321169","47.2","85.6","","","","1"
"2016","Northwest Territories [61]","2021A000261","Number of cybercrime incidents","Number","223","units","0","v116321170","48.1","31","","","","0"
"2016","Northwest Territories [61]","2021A000261","Rate per 100,000 population","Rate per 100,000 population","265","units","0","v116321171","48.2","69.5","","","","1"
"2016","Nunavut [62]","2021A000262","Number of cybercrime incidents","Number","223","units","0","v116321172","49.1","17","","","","0"
"2016","Nunavut [62]","2021A000262","Rate per 100,000 population","Rate per 100,000 population","265","units","0","v116321173","49.2","46.0","","","","1"
"2016","Canadian Forces Military Police","","Number of cybercrime incidents","Number","223","units","0","v1411953027","52.1","","..","","","0"
"2016","Canadian Forces Military Police","","Rate per 100,000 population","Rate per 100,000 population","265","units","0","v1411953028","52.2","","..","","","2"
"2017","Total police-reported cybercrime","","Number of cybercrime incidents","Number","223","units","0","v116321076","1.1","27829","","","","0"
"2017","Total police-reported cybercrime","","Rate per 100,000 population","Rate per 100,000 population","265","units","0","v116321077","1.2","81.7","","","","1"
"2017","Total Non-Census metropolitan area","","Number of cybercrime incidents","Number","223","units","0","v116321078","2.1","7212","","","","0"
"2017","Total Non-Census metropolitan area","","Rate per 100,000 population","Rate per 100,000 population","265","units","0","v116321079","2.2","83.7","","","","1"
"2017","Total Census metropolitan area","","Number of cybercrime incidents","Number","223","units","0","v116321080","3.1","20617","","","","0"
"2017","Total Census metropolitan area","","Rate per 100,000 population","Rate per 100,000 population","265","units","0","v116321081","3.2","81.0","","","","1"
"2017","Newfoundland and Labrador [10]","2021A000210","Number of cybercrime incidents","Number","223","units","0","v116321082","4.1","281","","","","0"
"2017","Newfoundland and Labrador [10]","2021A000210","Rate per 100,000 population","Rate per 100,000 population","265","units","0","v116321083","4.2","53.0","","","","1"
"2017","St. John's, Newfoundland and Labrador [10001]","2021A003510001","Number of cybercrime incidents","Number","223","units","0","v116321084","5.1","44","","","","0"
"2017","St. John's, Newfoundland and Labrador [10001]","2021A003510001","Rate per 100,000 population","Rate per 100,000 population","265","units","0","v116321085","5.2","21.0","","","","1"
"2017","Prince Edward Island [11]","2021A000211","Number of cybercrime incidents","Number","223","units","0","v116321086","6.1","106","","","","0"
"2017","Prince Edward Island [11]","2021A000211","Rate per 100,000 population","Rate per 100,000 population","265","units","0","v116321087","6.2","70.9","","","","1"
"2017","Nova Scotia [12]","2021A000212","Number of cybercrime incidents","Number","223","units","0","v116321088","7.1","1688","","","","0"
"2017","Nova Scotia [12]","2021A000212","Rate per 100,000 population","Rate per 100,000 population","265","units","0","v116321089","7.2","177.3","","","","1"
"2017","Halifax, Nova Scotia [12205]","2021A003512205","Number of cybercrime incidents","Number","223","units","0","v116321090","8.1","513","","","","0"
"2017","Halifax, Nova Scotia [12205]","2021A003512205","Rate per 100,000 population","Rate per 100,000 population","265","units","0","v116321091","8.2","121.7","","","","1"
"2017","New Brunswick [13]","2021A000213","Number of cybercrime incidents","Number","223","units","0","v116321092","9.1","810","","","","0"
"2017","New Brunswick [13]","2021A000213","Rate per 100,000 population","Rate per 100,000 population","265","units","0","v116321093","9.2","116.1","","","","1"
"2017","Moncton, New Brunswick [13305]","2021A003513305","Number of cybercrime incidents","Number","223","units","0","v116321094","10.1","148","","","","0"
"2017","Moncton, New Brunswick [13305]","2021A003513305","Rate per 100,000 population","Rate per 100,000 population","265","units","0","v116321095","10.2","93.0","","","","1"
"2017","Saint John, New Brunswick [13310]","2021A003513310","Number of cybercrime incidents","Number","223","units","0","v116321096","11.1","","..","","","0"
"2017","Saint John, New Brunswick [13310]","2021A003513310","Rate per 100,000 population","Rate per 100,000 population","265","units","0","v116321097","11.2","","..","","","1"
"2017","Fredericton, New Brunswick [13320]","2021A003513320","Number of cybercrime incidents","Number","223","units","0","v1593158550","53.1","","..","","","0"
"2017","Fredericton, New Brunswick [13320]","2021A003513320","Rate per 100,000 population","Rate per 100,000 population","265","units","0","v1593158551","53.2","","..","","","1"
"2017","Quebec [24]","2021A000224","Number of cybercrime incidents","Number","223","units","0","v116321098","12.1","3483","","","","0"
"2017","Quebec [24]","2021A000224","Rate per 100,000 population","Rate per 100,000 population","265","units","0","v116321099","12.2","42.3","","","","1"
"2017","Saguenay, Quebec [24408]","2021A003524408","Number of cybercrime incidents","Number","223","units","0","v116321106","16.1","49","","","","0"
"2017","Saguenay, Quebec [24408]","2021A003524408","Rate per 100,000 population","Rate per 100,000 population","265","units","0","v116321107","16.2","29.2","","","","1"
"2017","Québec, Quebec [24421]","2021A003524421","Number of cybercrime incidents","Number","223","units","0","v116321104","15.1","581","","","","0"
"2017","Québec, Quebec [24421]","2021A003524421","Rate per 100,000 population","Rate per 100,000 population","265","units","0","v116321105","15.2","72.4","","","","1"
"2017","Sherbrooke, Quebec [24433]","2021A003524433","Number of cybercrime incidents","Number","223","units","0","v116321108","17.1","145","","","","0"
"2017","Sherbrooke, Quebec [24433]","2021A003524433","Rate per 100,000 population","Rate per 100,000 population","265","units","0","v116321109","17.2","72.6","","","","1"
"2017","Trois-Rivières, Quebec [24442]","2021A003524442","Number of cybercrime incidents","Number","223","units","0","v116321110","18.1","60","","","","0"
"2017","Trois-Rivières, Quebec [24442]","2021A003524442","Rate per 100,000 population","Rate per 100,000 population","265","units","0","v116321111","18.2","38.5","","","","1"
"2017","Drummondville, Quebec [24447]","2021A003524447","Number of cybercrime incidents","Number","223","units","0","v1593158552","54.1","","..","","","0"
"2017","Drummondville, Quebec [24447]","2021A003524447","Rate per 100,000 population","Rate per 100,000 population","265","units","0","v1593158553","54.2","","..","","","1"
"2017","Montréal, Quebec [24462]","2021A003524462","Number of cybercrime incidents","Number","223","units","0","v116321102","14.1","1348","","","","0"
"2017","Montréal, Quebec [24462]","2021A003524462","Rate per 100,000 population","Rate per 100,000 population","265","units","0","v116321103","14.2","32.4","","","","1"
"2017","Ottawa-Gatineau, Quebec part [24505]","2021A003524505","Number of cybercrime incidents","Number","223","units","0","v116321100","13.1","483","","","","0"
"2017","Ottawa-Gatineau, Quebec part [24505]","2021A003524505","Rate per 100,000 population","Rate per 100,000 population","265","units","0","v116321101","13.2","145.7","","","","1"
"2017","Ontario [35]","2021A000235","Number of cybercrime incidents","Number","223","units","0","v116321112","19.1","9484","","","","0"
"2017","Ontario [35]","2021A000235","Rate per 100,000 population","Rate per 100,000 population","265","units","0","v116321113","19.2","80.7","","","","1"
"2017","Ottawa-Gatineau, Ontario part [35505]","2021A003535505","Number of cybercrime incidents","Number","223","units","0","v116321130","28.1","1218","","","","0"
"2017","Ottawa-Gatineau, Ontario part [35505]","2021A003535505","Rate per 100,000 population","Rate per 100,000 population","265","units","0","v116321131","28.2","123.5","","","","1"
"2017","Kingston, Ontario [35521]","2021A003535521","Number of cybercrime incidents","Number","223","units","0","v116321124","25.1","95","","","","0"
"2017","Kingston, Ontario [35521]","2021A003535521","Rate per 100,000 population","Rate per 100,000 population","265","units","0","v116321125","25.2","72.8","","","","1"
"2017","Belleville-Quinte West, Ontario [35522]","2021A003535522","Number of cybercrime incidents","Number","223","units","0","v1066363730","50.1","18","","","","0"
"2017","Belleville-Quinte West, Ontario [35522]","2021A003535522","Rate per 100,000 population","Rate per 100,000 population","265","units","0","v1066363731","50.2","33.9","","","","1"
"2017","Peterborough, Ontario [35529]","2021A003535529","Number of cybercrime incidents","Number","223","units","0","v116321132","29.1","110","","","","0"
"2017","Peterborough, Ontario [35529]","2021A003535529","Rate per 100,000 population","Rate per 100,000 population","265","units","0","v116321133","29.2","114.1","","","","1"
"2017","Toronto, Ontario [35535]","2021A003535535","Number of cybercrime incidents","Number","223","units","0","v116321138","32.1","2752","","","","0"
"2017","Toronto, Ontario [35535]","2021A003535535","Rate per 100,000 population","Rate per 100,000 population","265","units","0","v116321139","32.2","50.8","","","","1"
"2017","Hamilton, Ontario [35537]","2021A003535537","Number of cybercrime incidents","Number","223","units","0","v116321122","24.1","316","","","","0"
"2017","Hamilton, Ontario [35537]","2021A003535537","Rate per 100,000 population","Rate per 100,000 population","265","units","0","v116321123","24.2","56.2","","","","1"
"2017","St. Catharines-Niagara, Ontario [35539]","2021A003535539","Number of cybercrime incidents","Number","223","units","0","v116321134","30.1","521","","","","0"
"2017","St. Catharines-Niagara, Ontario [35539]","2021A003535539","Rate per 100,000 population","Rate per 100,000 population","265","units","0","v116321135","30.2","111.2","","","","1"
"2017","Kitchener-Cambridge-Waterloo, Ontario [35541]","2021A003535541","Number of cybercrime incidents","Number","223","units","0","v116321126","26.1","1113","","","","0"
"2017","Kitchener-Cambridge-Waterloo, Ontario [35541]","2021A003535541","Rate per 100,000 population","Rate per 100,000 population","265","units","0","v116321127","26.2","196.8","","","","1"
"2017","Brantford, Ontario [35543]","2021A003535543","Number of cybercrime incidents","Number","223","units","0","v116321116","21.1","206","","","","0"
"2017","Brantford, Ontario [35543]","2021A003535543","Rate per 100,000 population","Rate per 100,000 population","265","units","0","v116321117","21.2","198.5","","","","1"
"2017","Guelph, Ontario [35550]","2021A003535550","Number of cybercrime incidents","Number","223","units","0","v116321120","23.1","275","","","","0"
"2017","Guelph, Ontario [35550]","2021A003535550","Rate per 100,000 population","Rate per 100,000 population","265","units","0","v116321121","23.2","198.0","","","","1"
"2017","London, Ontario [35555]","2021A003535555","Number of cybercrime incidents","Number","223","units","0","v116321128","27.1","302","","","","0"
"2017","London, Ontario [35555]","2021A003535555","Rate per 100,000 population","Rate per 100,000 population","265","units","0","v116321129","27.2","64.3","","","","1"
"2017","Windsor, Ontario [35559]","2021A003535559","Number of cybercrime incidents","Number","223","units","0","v116321140","33.1","132","","","","0"
"2017","Windsor, Ontario [35559]","2021A003535559","Rate per 100,000 population","Rate per 100,000 population","265","units","0","v116321141","33.2","52.9","","","","1"
"2017","Barrie, Ontario [35568]","2021A003535568","Number of cybercrime incidents","Number","223","units","0","v116321114","20.1","95","","","","0"
"2017","Barrie, Ontario [35568]","2021A003535568","Rate per 100,000 population","Rate per 100,000 population","265","units","0","v116321115","20.2","42.3","","","","1"
"2017","Greater Sudbury, Ontario [35580]","2021A003535580","Number of cybercrime incidents","Number","223","units","0","v116321118","22.1","586","","","","0"
"2017","Greater Sudbury, Ontario [35580]","2021A003535580","Rate per 100,000 population","Rate per 100,000 population","265","units","0","v116321119","22.2","350.5","","","","1"
"2017","Thunder Bay, Ontario [35595]","2021A003535595","Number of cybercrime incidents","Number","223","units","0","v116321136","31.1","99","","","","0"
"2017","Thunder Bay, Ontario [35595]","2021A003535595","Rate per 100,000 population","Rate per 100,000 population","265","units","0","v116321137","31.2","83.9","","","","1"
"2017","Manitoba [46]","2021A000246","Number of cybercrime incidents","Number","223","units","0","v116321142","34.1","719","","","","0"
"2017","Manitoba [46]","2021A000246","Rate per 100,000 population","Rate per 100,000 population","265","units","0","v116321143","34.2","54.9","","","","1"
"2017","Winnipeg, Manitoba [46602]","2021A003546602","Number of cybercrime incidents","Number","223","units","0","v116321144","35.1","455","","","","0"
"2017","Winnipeg, Manitoba [46602]","2021A003546602","Rate per 100,000 population","Rate per 100,000 population","265","units","0","v116321145","35.2","56.6","","","","1"
"2017","Saskatchewan [47]","2021A000247","Number of cybercrime incidents","Number","223","units","0","v116321146","36.1","893","","","","0"
"2017","Saskatchewan [47]","2021A000247","Rate per 100,000 population","Rate per 100,000 population","265","units","0","v116321147","36.2","78.9","","","","1"
"2017","Regina, Saskatchewan [47705]","2021A003547705","Number of cybercrime incidents","Number","223","units","0","v116321148","37.1","104","","","","0"
"2017","Regina, Saskatchewan [47705]","2021A003547705","Rate per 100,000 population","Rate per 100,000 population","265","units","0","v116321149","37.2","41.3","","","","1"
"2017","Saskatoon, Saskatchewan [47725]","2021A003547725","Number of cybercrime incidents","Number","223","units","0","v116321150","38.1","204","","","","0"
"2017","Saskatoon, Saskatchewan [47725]","2021A003547725","Rate per 100,000 population","Rate per 100,000 population","265","units","0","v116321151","38.2","64.1","","","","1"
"2017","Alberta [48]","2021A000248","Number of cybercrime incidents","Number","223","units","0","v116321152","39.1","4668","","","","0"
"2017","Alberta [48]","2021A000248","Rate per 100,000 population","Rate per 100,000 population","265","units","0","v116321153","39.2","109.8","","","","1"
"2017","Lethbridge, Alberta [48810]","2021A003548810","Number of cybercrime incidents","Number","223","units","0","v1066363732","51.1","212","","","","0"
"2017","Lethbridge, Alberta [48810]","2021A003548810","Rate per 100,000 population","Rate per 100,000 population","265","units","0","v1066363733","51.2","175.1","","","","1"
"2017","Calgary, Alberta [48825]","2021A003548825","Number of cybercrime incidents","Number","223","units","0","v116321154","40.1","1706","","","","0"
"2017","Calgary, Alberta [48825]","2021A003548825","Rate per 100,000 population","Rate per 100,000 population","265","units","0","v116321155","40.2","116.2","","","","1"
"2017","Red Deer, Alberta [48830]","2021A003548830","Number of cybercrime incidents","Number","223","units","0","v1593158554","55.1","","..","","","0"
"2017","Red Deer, Alberta [48830]","2021A003548830","Rate per 100,000 population","Rate per 100,000 population","265","units","0","v1593158555","55.2","","..","","","1"
"2017","Edmonton, Alberta [48835]","2021A003548835","Number of cybercrime incidents","Number","223","units","0","v116321156","41.1","1643","","","","0"
"2017","Edmonton, Alberta [48835]","2021A003548835","Rate per 100,000 population","Rate per 100,000 population","265","units","0","v116321157","41.2","117.7","","","","1"
"2017","British Columbia [59]","2021A000259","Number of cybercrime incidents","Number","223","units","0","v116321158","42.1","5603","","","","0"
"2017","British Columbia [59]","2021A000259","Rate per 100,000 population","Rate per 100,000 population","265","units","0","v116321159","42.2","113.6","","","","1"
"2017","Kelowna, British Columbia [59915]","2021A003559915","Number of cybercrime incidents","Number","223","units","0","v116321162","44.1","214","","","","0"
"2017","Kelowna, British Columbia [59915]","2021A003559915","Rate per 100,000 population","Rate per 100,000 population","265","units","0","v116321163","44.2","103.1","","","","1"
"2017","Kamloops, British Columbia [59925]","2021A003559925","Number of cybercrime incidents","Number","223","units","0","v1593158556","56.1","","..","","","0"
"2017","Kamloops, British Columbia [59925]","2021A003559925","Rate per 100,000 population","Rate per 100,000 population","265","units","0","v1593158557","56.2","","..","","","1"
"2017","Chilliwack, British Columbia [59930]","2021A003559930","Number of cybercrime incidents","Number","223","units","0","v1593158558","57.1","","..","","","0"
"2017","Chilliwack, British Columbia [59930]","2021A003559930","Rate per 100,000 population","Rate per 100,000 population","265","units","0","v1593158559","57.2","","..","","","1"
"2017","Abbotsford-Mission, British Columbia [59932]","2021A003559932","Number of cybercrime incidents","Number","223","units","0","v116321160","43.1","240","","","","0"
"2017","Abbotsford-Mission, British Columbia [59932]","2021A003559932","Rate per 100,000 population","Rate per 100,000 population","265","units","0","v116321161","43.2","124.8","","","","1"
"2017","Vancouver, British Columbia [59933]","2021A003559933","Number of cybercrime incidents","Number","223","units","0","v116321164","45.1","3383","","","","0"
"2017","Vancouver, British Columbia [59933]","2021A003559933","Rate per 100,000 population","Rate per 100,000 population","265","units","0","v116321165","45.2","129.1","","","","1"
"2017","Victoria, British Columbia [59935]","2021A003559935","Number of cybercrime incidents","Number","223","units","0","v116321166","46.1","520","","","","0"
"2017","Victoria, British Columbia [59935]","2021A003559935","Rate per 100,000 population","Rate per 100,000 population","265","units","0","v116321167","46.2","133.0","","","","1"
"2017","Nanaimo, British Columbia [59938]","2021A003559938","Number of cybercrime incidents","Number","223","units","0","v1593158560","58.1","","..","","","0"
"2017","Nanaimo, British Columbia [59938]","2021A003559938","Rate per 100,000 population","Rate per 100,000 population","265","units","0","v1593158561","58.2","","..","","","1"
"2017","Yukon [60]","2021A000260","Number of cybercrime incidents","Number","223","units","0","v116321168","47.1","40","","","","0"
"2017","Yukon [60]","2021A000260","Rate per 100,000 population","Rate per 100,000 population","265","units","0","v116321169","47.2","101.2","","","","1"
"2017","Northwest Territories [61]","2021A000261","Number of cybercrime incidents","Number","223","units","0","v116321170","48.1","34","","","","0"
"2017","Northwest Territories [61]","2021A000261","Rate per 100,000 population","Rate per 100,000 population","265","units","0","v116321171","48.2","76.1","","","","1"
"2017","Nunavut [62]","2021A000262","Number of cybercrime incidents","Number","223","units","0","v116321172","49.1","20","","","","0"
"2017","Nunavut [62]","2021A000262","Rate per 100,000 population","Rate per 100,000 population","265","units","0","v116321173","49.2","53.1","","","","1"
"2017","Canadian Forces Military Police","","Number of cybercrime incidents","Number","223","units","0","v1411953027","52.1","","..","","","0"
"2017","Canadian Forces Military Police","","Rate per 100,000 population","Rate per 100,000 population","265","units","0","v1411953028","52.2","","..","","","2"
"2018","Total police-reported cybercrime","","Number of cybercrime incidents","Number","223","units","0","v116321076","1.1","33893","","","","0"
"2018","Total police-reported cybercrime","","Rate per 100,000 population","Rate per 100,000 population","265","units","0","v116321077","1.2","91.9","","","","1"
"2018","Total Non-Census metropolitan area","","Number of cybercrime incidents","Number","223","units","0","v116321078","2.1","9464","","","","0"
"2018","Total Non-Census metropolitan area","","Rate per 100,000 population","Rate per 100,000 population","265","units","0","v116321079","2.2","90.0","","","","1"
"2018","Total Census metropolitan area","","Number of cybercrime incidents","Number","223","units","0","v116321080","3.1","24429","","","","0"
"2018","Total Census metropolitan area","","Rate per 100,000 population","Rate per 100,000 population","265","units","0","v116321081","3.2","92.6","","","","1"
"2018","Newfoundland and Labrador [10]","2021A000210","Number of cybercrime incidents","Number","223","units","0","v116321082","4.1","420","","","","0"
"2018","Newfoundland and Labrador [10]","2021A000210","Rate per 100,000 population","Rate per 100,000 population","265","units","0","v116321083","4.2","79.5","","","","1"
"2018","St. John's, Newfoundland and Labrador [10001]","2021A003510001","Number of cybercrime incidents","Number","223","units","0","v116321084","5.1","66","","","","0"
"2018","St. John's, Newfoundland and Labrador [10001]","2021A003510001","Rate per 100,000 population","Rate per 100,000 population","265","units","0","v116321085","5.2","31.3","","","","1"
"2018","Prince Edward Island [11]","2021A000211","Number of cybercrime incidents","Number","223","units","0","v116321086","6.1","121","","","","0"
"2018","Prince Edward Island [11]","2021A000211","Rate per 100,000 population","Rate per 100,000 population","265","units","0","v116321087","6.2","79.6","","","","1"
"2018","Nova Scotia [12]","2021A000212","Number of cybercrime incidents","Number","223","units","0","v116321088","7.1","2263","","","","0"
"2018","Nova Scotia [12]","2021A000212","Rate per 100,000 population","Rate per 100,000 population","265","units","0","v116321089","7.2","235.2","","","","1"
"2018","Halifax, Nova Scotia [12205]","2021A003512205","Number of cybercrime incidents","Number","223","units","0","v116321090","8.1","908","","","","0"
"2018","Halifax, Nova Scotia [12205]","2021A003512205","Rate per 100,000 population","Rate per 100,000 population","265","units","0","v116321091","8.2","211.6","","","","1"
"2018","New Brunswick [13]","2021A000213","Number of cybercrime incidents","Number","223","units","0","v116321092","9.1","936","","","","0"
"2018","New Brunswick [13]","2021A000213","Rate per 100,000 population","Rate per 100,000 population","265","units","0","v116321093","9.2","133.6","","","","1"
"2018","Moncton, New Brunswick [13305]","2021A003513305","Number of cybercrime incidents","Number","223","units","0","v116321094","10.1","220","","","","0"
"2018","Moncton, New Brunswick [13305]","2021A003513305","Rate per 100,000 population","Rate per 100,000 population","265","units","0","v116321095","10.2","136.7","","","","1"
"2018","Saint John, New Brunswick [13310]","2021A003513310","Number of cybercrime incidents","Number","223","units","0","v116321096","11.1","","..","","","0"
"2018","Saint John, New Brunswick [13310]","2021A003513310","Rate per 100,000 population","Rate per 100,000 population","265","units","0","v116321097","11.2","","..","","","1"
"2018","Fredericton, New Brunswick [13320]","2021A003513320","Number of cybercrime incidents","Number","223","units","0","v1593158550","53.1","","..","","","0"
"2018","Fredericton, New Brunswick [13320]","2021A003513320","Rate per 100,000 population","Rate per 100,000 population","265","units","0","v1593158551","53.2","","..","","","1"
"2018","Quebec [24]","2021A000224","Number of cybercrime incidents","Number","223","units","0","v116321098","12.1","4004","","","","0"
"2018","Quebec [24]","2021A000224","Rate per 100,000 population","Rate per 100,000 population","265","units","0","v116321099","12.2","48.1","","","","1"
"2018","Saguenay, Quebec [24408]","2021A003524408","Number of cybercrime incidents","Number","223","units","0","v116321106","16.1","46","","","","0"
"2018","Saguenay, Quebec [24408]","2021A003524408","Rate per 100,000 population","Rate per 100,000 population","265","units","0","v116321107","16.2","27.4","","","","1"
"2018","Québec, Quebec [24421]","2021A003524421","Number of cybercrime incidents","Number","223","units","0","v116321104","15.1","792","","","","0"
"2018","Québec, Quebec [24421]","2021A003524421","Rate per 100,000 population","Rate per 100,000 population","265","units","0","v116321105","15.2","97.8","","","","1"
"2018","Sherbrooke, Quebec [24433]","2021A003524433","Number of cybercrime incidents","Number","223","units","0","v116321108","17.1","138","","","","0"
"2018","Sherbrooke, Quebec [24433]","2021A003524433","Rate per 100,000 population","Rate per 100,000 population","265","units","0","v116321109","17.2","68.0","","","","1"
"2018","Trois-Rivières, Quebec [24442]","2021A003524442","Number of cybercrime incidents","Number","223","units","0","v116321110","18.1","78","","","","0"
"2018","Trois-Rivières, Quebec [24442]","2021A003524442","Rate per 100,000 population","Rate per 100,000 population","265","units","0","v116321111","18.2","49.8","","","","1"
"2018","Drummondville, Quebec [24447]","2021A003524447","Number of cybercrime incidents","Number","223","units","0","v1593158552","54.1","","..","","","0"
"2018","Drummondville, Quebec [24447]","2021A003524447","Rate per 100,000 population","Rate per 100,000 population","265","units","0","v1593158553","54.2","","..","","","1"
"2018","Montréal, Quebec [24462]","2021A003524462","Number of cybercrime incidents","Number","223","units","0","v116321102","14.1","1548","","","","0"
"2018","Montréal, Quebec [24462]","2021A003524462","Rate per 100,000 population","Rate per 100,000 population","265","units","0","v116321103","14.2","36.6","","","","1"
"2018","Ottawa-Gatineau, Quebec part [24505]","2021A003524505","Number of cybercrime incidents","Number","223","units","0","v116321100","13.1","427","","","","0"
"2018","Ottawa-Gatineau, Quebec part [24505]","2021A003524505","Rate per 100,000 population","Rate per 100,000 population","265","units","0","v116321101","13.2","127.1","","","","1"
"2018","Ontario [35]","2021A000235","Number of cybercrime incidents","Number","223","units","0","v116321112","19.1","10636","","","","0"
"2018","Ontario [35]","2021A000235","Rate per 100,000 population","Rate per 100,000 population","265","units","0","v116321113","19.2","74.5","","","","1"
"2018","Ottawa-Gatineau, Ontario part [35505]","2021A003535505","Number of cybercrime incidents","Number","223","units","0","v116321130","28.1","1419","","","","0"
"2018","Ottawa-Gatineau, Ontario part [35505]","2021A003535505","Rate per 100,000 population","Rate per 100,000 population","265","units","0","v116321131","28.2","132.6","","","","1"
"2018","Kingston, Ontario [35521]","2021A003535521","Number of cybercrime incidents","Number","223","units","0","v116321124","25.1","108","","","","0"
"2018","Kingston, Ontario [35521]","2021A003535521","Rate per 100,000 population","Rate per 100,000 population","265","units","0","v116321125","25.2","62.9","","","","1"
"2018","Belleville-Quinte West, Ontario [35522]","2021A003535522","Number of cybercrime incidents","Number","223","units","0","v1066363730","50.1","57","","","","0"
"2018","Belleville-Quinte West, Ontario [35522]","2021A003535522","Rate per 100,000 population","Rate per 100,000 population","265","units","0","v1066363731","50.2","50.6","","","","1"
"2018","Peterborough, Ontario [35529]","2021A003535529","Number of cybercrime incidents","Number","223","units","0","v116321132","29.1","132","","","","0"
"2018","Peterborough, Ontario [35529]","2021A003535529","Rate per 100,000 population","Rate per 100,000 population","265","units","0","v116321133","29.2","102.2","","","","1"
"2018","Toronto, Ontario [35535]","2021A003535535","Number of cybercrime incidents","Number","223","units","0","v116321138","32.1","2721","","","","0"
"2018","Toronto, Ontario [35535]","2021A003535535","Rate per 100,000 population","Rate per 100,000 population","265","units","0","v116321139","32.2","48.1","","","","1"
"2018","Hamilton, Ontario [35537]","2021A003535537","Number of cybercrime incidents","Number","223","units","0","v116321122","24.1","221","","","","0"
"2018","Hamilton, Ontario [35537]","2021A003535537","Rate per 100,000 population","Rate per 100,000 population","265","units","0","v116321123","24.2","38.8","","","","1"
"2018","St. Catharines-Niagara, Ontario [35539]","2021A003535539","Number of cybercrime incidents","Number","223","units","0","v116321134","30.1","605","","","","0"
"2018","St. Catharines-Niagara, Ontario [35539]","2021A003535539","Rate per 100,000 population","Rate per 100,000 population","265","units","0","v116321135","30.2","126.9","","","","1"
"2018","Kitchener-Cambridge-Waterloo, Ontario [35541]","2021A003535541","Number of cybercrime incidents","Number","223","units","0","v116321126","26.1","1180","","","","0"
"2018","Kitchener-Cambridge-Waterloo, Ontario [35541]","2021A003535541","Rate per 100,000 population","Rate per 100,000 population","265","units","0","v116321127","26.2","203.4","","","","1"
"2018","Brantford, Ontario [35543]","2021A003535543","Number of cybercrime incidents","Number","223","units","0","v116321116","21.1","273","","","","0"
"2018","Brantford, Ontario [35543]","2021A003535543","Rate per 100,000 population","Rate per 100,000 population","265","units","0","v116321117","21.2","191.8","","","","1"
"2018","Guelph, Ontario [35550]","2021A003535550","Number of cybercrime incidents","Number","223","units","0","v116321120","23.1","228","","","","0"
"2018","Guelph, Ontario [35550]","2021A003535550","Rate per 100,000 population","Rate per 100,000 population","265","units","0","v116321121","23.2","160.9","","","","1"
"2018","London, Ontario [35555]","2021A003535555","Number of cybercrime incidents","Number","223","units","0","v116321128","27.1","315","","","","0"
"2018","London, Ontario [35555]","2021A003535555","Rate per 100,000 population","Rate per 100,000 population","265","units","0","v116321129","27.2","58.4","","","","1"
"2018","Windsor, Ontario [35559]","2021A003535559","Number of cybercrime incidents","Number","223","units","0","v116321140","33.1","163","","","","0"
"2018","Windsor, Ontario [35559]","2021A003535559","Rate per 100,000 population","Rate per 100,000 population","265","units","0","v116321141","33.2","51.0","","","","1"
"2018","Barrie, Ontario [35568]","2021A003535568","Number of cybercrime incidents","Number","223","units","0","v116321114","20.1","121","","","","0"
"2018","Barrie, Ontario [35568]","2021A003535568","Rate per 100,000 population","Rate per 100,000 population","265","units","0","v116321115","20.2","53.1","","","","1"
"2018","Greater Sudbury, Ontario [35580]","2021A003535580","Number of cybercrime incidents","Number","223","units","0","v116321118","22.1","303","","","","0"
"2018","Greater Sudbury, Ontario [35580]","2021A003535580","Rate per 100,000 population","Rate per 100,000 population","265","units","0","v116321119","22.2","178.7","","","","1"
"2018","Thunder Bay, Ontario [35595]","2021A003535595","Number of cybercrime incidents","Number","223","units","0","v116321136","31.1","61","","","","0"
"2018","Thunder Bay, Ontario [35595]","2021A003535595","Rate per 100,000 population","Rate per 100,000 population","265","units","0","v116321137","31.2","48.4","","","","1"
"2018","Manitoba [46]","2021A000246","Number of cybercrime incidents","Number","223","units","0","v116321142","34.1","887","","","","0"
"2018","Manitoba [46]","2021A000246","Rate per 100,000 population","Rate per 100,000 population","265","units","0","v116321143","34.2","65.7","","","","1"
"2018","Winnipeg, Manitoba [46602]","2021A003546602","Number of cybercrime incidents","Number","223","units","0","v116321144","35.1","556","","","","0"
"2018","Winnipeg, Manitoba [46602]","2021A003546602","Rate per 100,000 population","Rate per 100,000 population","265","units","0","v116321145","35.2","68.1","","","","1"
"2018","Saskatchewan [47]","2021A000247","Number of cybercrime incidents","Number","223","units","0","v116321146","36.1","1233","","","","0"
"2018","Saskatchewan [47]","2021A000247","Rate per 100,000 population","Rate per 100,000 population","265","units","0","v116321147","36.2","108.0","","","","1"
"2018","Regina, Saskatchewan [47705]","2021A003547705","Number of cybercrime incidents","Number","223","units","0","v116321148","37.1","173","","","","0"
"2018","Regina, Saskatchewan [47705]","2021A003547705","Rate per 100,000 population","Rate per 100,000 population","265","units","0","v116321149","37.2","67.7","","","","1"
"2018","Saskatoon, Saskatchewan [47725]","2021A003547725","Number of cybercrime incidents","Number","223","units","0","v116321150","38.1","313","","","","0"
"2018","Saskatoon, Saskatchewan [47725]","2021A003547725","Rate per 100,000 population","Rate per 100,000 population","265","units","0","v116321151","38.2","96.7","","","","1"
"2018","Alberta [48]","2021A000248","Number of cybercrime incidents","Number","223","units","0","v116321152","39.1","6044","","","","0"
"2018","Alberta [48]","2021A000248","Rate per 100,000 population","Rate per 100,000 population","265","units","0","v116321153","39.2","140.4","","","","1"
"2018","Lethbridge, Alberta [48810]","2021A003548810","Number of cybercrime incidents","Number","223","units","0","v1066363732","51.1","385","","","","0"
"2018","Lethbridge, Alberta [48810]","2021A003548810","Rate per 100,000 population","Rate per 100,000 population","265","units","0","v1066363733","51.2","313.0","","","","1"
"2018","Calgary, Alberta [48825]","2021A003548825","Number of cybercrime incidents","Number","223","units","0","v116321154","40.1","2456","","","","0"
"2018","Calgary, Alberta [48825]","2021A003548825","Rate per 100,000 population","Rate per 100,000 population","265","units","0","v116321155","40.2","164.8","","","","1"
"2018","Red Deer, Alberta [48830]","2021A003548830","Number of cybercrime incidents","Number","223","units","0","v1593158554","55.1","","..","","","0"
"2018","Red Deer, Alberta [48830]","2021A003548830","Rate per 100,000 population","Rate per 100,000 population","265","units","0","v1593158555","55.2","","..","","","1"
"2018","Edmonton, Alberta [48835]","2021A003548835","Number of cybercrime incidents","Number","223","units","0","v116321156","41.1","2053","","","","0"
"2018","Edmonton, Alberta [48835]","2021A003548835","Rate per 100,000 population","Rate per 100,000 population","265","units","0","v116321157","41.2","144.6","","","","1"
"2018","British Columbia [59]","2021A000259","Number of cybercrime incidents","Number","223","units","0","v116321158","42.1","7224","","","","0"
"2018","British Columbia [59]","2021A000259","Rate per 100,000 population","Rate per 100,000 population","265","units","0","v116321159","42.2","143.9","","","","1"
"2018","Kelowna, British Columbia [59915]","2021A003559915","Number of cybercrime incidents","Number","223","units","0","v116321162","44.1","259","","","","0"
"2018","Kelowna, British Columbia [59915]","2021A003559915","Rate per 100,000 population","Rate per 100,000 population","265","units","0","v116321163","44.2","121.3","","","","1"
"2018","Kamloops, British Columbia [59925]","2021A003559925","Number of cybercrime incidents","Number","223","units","0","v1593158556","56.1","","..","","","0"
"2018","Kamloops, British Columbia [59925]","2021A003559925","Rate per 100,000 population","Rate per 100,000 population","265","units","0","v1593158557","56.2","","..","","","1"
"2018","Chilliwack, British Columbia [59930]","2021A003559930","Number of cybercrime incidents","Number","223","units","0","v1593158558","57.1","","..","","","0"
"2018","Chilliwack, British Columbia [59930]","2021A003559930","Rate per 100,000 population","Rate per 100,000 population","265","units","0","v1593158559","57.2","","..","","","1"
"2018","Abbotsford-Mission, British Columbia [59932]","2021A003559932","Number of cybercrime incidents","Number","223","units","0","v116321160","43.1","408","","","","0"
"2018","Abbotsford-Mission, British Columbia [59932]","2021A003559932","Rate per 100,000 population","Rate per 100,000 population","265","units","0","v116321161","43.2","207.8","","","","1"
"2018","Vancouver, British Columbia [59933]","2021A003559933","Number of cybercrime incidents","Number","223","units","0","v116321164","45.1","4311","","","","0"
"2018","Vancouver, British Columbia [59933]","2021A003559933","Rate per 100,000 population","Rate per 100,000 population","265","units","0","v116321165","45.2","161.8","","","","1"
"2018","Victoria, British Columbia [59935]","2021A003559935","Number of cybercrime incidents","Number","223","units","0","v116321166","46.1","660","","","","0"
"2018","Victoria, British Columbia [59935]","2021A003559935","Rate per 100,000 population","Rate per 100,000 population","265","units","0","v116321167","46.2","166.0","","","","1"
"2018","Nanaimo, British Columbia [59938]","2021A003559938","Number of cybercrime incidents","Number","223","units","0","v1593158560","58.1","","..","","","0"
"2018","Nanaimo, British Columbia [59938]","2021A003559938","Rate per 100,000 population","Rate per 100,000 population","265","units","0","v1593158561","58.2","","..","","","1"
"2018","Yukon [60]","2021A000260","Number of cybercrime incidents","Number","223","units","0","v116321168","47.1","49","","","","0"
"2018","Yukon [60]","2021A000260","Rate per 100,000 population","Rate per 100,000 population","265","units","0","v116321169","47.2","121.3","","","","1"
"2018","Northwest Territories [61]","2021A000261","Number of cybercrime incidents","Number","223","units","0","v116321170","48.1","56","","","","0"
"2018","Northwest Territories [61]","2021A000261","Rate per 100,000 population","Rate per 100,000 population","265","units","0","v116321171","48.2","125.7","","","","1"
"2018","Nunavut [62]","2021A000262","Number of cybercrime incidents","Number","223","units","0","v116321172","49.1","20","","","","0"
"2018","Nunavut [62]","2021A000262","Rate per 100,000 population","Rate per 100,000 population","265","units","0","v116321173","49.2","52.2","","","","1"
"2018","Canadian Forces Military Police","","Number of cybercrime incidents","Number","223","units","0","v1411953027","52.1","","..","","","0"
"2018","Canadian Forces Military Police","","Rate per 100,000 population","Rate per 100,000 population","265","units","0","v1411953028","52.2","","..","","","2"
"2019","Total police-reported cybercrime","","Number of cybercrime incidents","Number","223","units","0","v116321076","1.1","48318","","","","0"
"2019","Total police-reported cybercrime","","Rate per 100,000 population","Rate per 100,000 population","265","units","0","v116321077","1.2","129.2","","","","1"
"2019","Total Non-Census metropolitan area","","Number of cybercrime incidents","Number","223","units","0","v116321078","2.1","11598","","","","0"
"2019","Total Non-Census metropolitan area","","Rate per 100,000 population","Rate per 100,000 population","265","units","0","v116321079","2.2","110.0","","","","1"
"2019","Total Census metropolitan area","","Number of cybercrime incidents","Number","223","units","0","v116321080","3.1","36720","","","","0"
"2019","Total Census metropolitan area","","Rate per 100,000 population","Rate per 100,000 population","265","units","0","v116321081","3.2","136.8","","","","1"
"2019","Newfoundland and Labrador [10]","2021A000210","Number of cybercrime incidents","Number","223","units","0","v116321082","4.1","623","","","","0"
"2019","Newfoundland and Labrador [10]","2021A000210","Rate per 100,000 population","Rate per 100,000 population","265","units","0","v116321083","4.2","118.0","","","","1"
"2019","St. John's, Newfoundland and Labrador [10001]","2021A003510001","Number of cybercrime incidents","Number","223","units","0","v116321084","5.1","86","","","","0"
"2019","St. John's, Newfoundland and Labrador [10001]","2021A003510001","Rate per 100,000 population","Rate per 100,000 population","265","units","0","v116321085","5.2","40.5","","","","1"
"2019","Prince Edward Island [11]","2021A000211","Number of cybercrime incidents","Number","223","units","0","v116321086","6.1","160","","","","0"
"2019","Prince Edward Island [11]","2021A000211","Rate per 100,000 population","Rate per 100,000 population","265","units","0","v116321087","6.2","102.9","","","","1"
"2019","Nova Scotia [12]","2021A000212","Number of cybercrime incidents","Number","223","units","0","v116321088","7.1","2878","","","","0"
"2019","Nova Scotia [12]","2021A000212","Rate per 100,000 population","Rate per 100,000 population","265","units","0","v116321089","7.2","294.9","","","","1"
"2019","Halifax, Nova Scotia [12205]","2021A003512205","Number of cybercrime incidents","Number","223","units","0","v116321090","8.1","1384","","","","0"
"2019","Halifax, Nova Scotia [12205]","2021A003512205","Rate per 100,000 population","Rate per 100,000 population","265","units","0","v116321091","8.2","315.6","","","","1"
"2019","New Brunswick [13]","2021A000213","Number of cybercrime incidents","Number","223","units","0","v116321092","9.1","1061","","","","0"
"2019","New Brunswick [13]","2021A000213","Rate per 100,000 population","Rate per 100,000 population","265","units","0","v116321093","9.2","150.1","","","","1"
"2019","Moncton, New Brunswick [13305]","2021A003513305","Number of cybercrime incidents","Number","223","units","0","v116321094","10.1","239","","","","0"
"2019","Moncton, New Brunswick [13305]","2021A003513305","Rate per 100,000 population","Rate per 100,000 population","265","units","0","v116321095","10.2","145.4","","","","1"
"2019","Saint John, New Brunswick [13310]","2021A003513310","Number of cybercrime incidents","Number","223","units","0","v116321096","11.1","","..","","","0"
"2019","Saint John, New Brunswick [13310]","2021A003513310","Rate per 100,000 population","Rate per 100,000 population","265","units","0","v116321097","11.2","","..","","","1"
"2019","Fredericton, New Brunswick [13320]","2021A003513320","Number of cybercrime incidents","Number","223","units","0","v1593158550","53.1","","..","","","0"
"2019","Fredericton, New Brunswick [13320]","2021A003513320","Rate per 100,000 population","Rate per 100,000 population","265","units","0","v1593158551","53.2","","..","","","1"
"2019","Quebec [24]","2021A000224","Number of cybercrime incidents","Number","223","units","0","v116321098","12.1","4894","","","","0"
"2019","Quebec [24]","2021A000224","Rate per 100,000 population","Rate per 100,000 population","265","units","0","v116321099","12.2","58.1","","","","1"
"2019","Saguenay, Quebec [24408]","2021A003524408","Number of cybercrime incidents","Number","223","units","0","v116321106","16.1","57","","","","0"
"2019","Saguenay, Quebec [24408]","2021A003524408","Rate per 100,000 population","Rate per 100,000 population","265","units","0","v116321107","16.2","33.9","","","","1"
"2019","Québec, Quebec [24421]","2021A003524421","Number of cybercrime incidents","Number","223","units","0","v116321104","15.1","1015","","","","0"
"2019","Québec, Quebec [24421]","2021A003524421","Rate per 100,000 population","Rate per 100,000 population","265","units","0","v116321105","15.2","124.1","","","","1"
"2019","Sherbrooke, Quebec [24433]","2021A003524433","Number of cybercrime incidents","Number","223","units","0","v116321108","17.1","148","","","","0"
"2019","Sherbrooke, Quebec [24433]","2021A003524433","Rate per 100,000 population","Rate per 100,000 population","265","units","0","v116321109","17.2","71.8","","","","1"
"2019","Trois-Rivières, Quebec [24442]","2021A003524442","Number of cybercrime incidents","Number","223","units","0","v116321110","18.1","124","","","","0"
"2019","Trois-Rivières, Quebec [24442]","2021A003524442","Rate per 100,000 population","Rate per 100,000 population","265","units","0","v116321111","18.2","78.6","","","","1"
"2019","Drummondville, Quebec [24447]","2021A003524447","Number of cybercrime incidents","Number","223","units","0","v1593158552","54.1","","..","","","0"
"2019","Drummondville, Quebec [24447]","2021A003524447","Rate per 100,000 population","Rate per 100,000 population","265","units","0","v1593158553","54.2","","..","","","1"
"2019","Montréal, Quebec [24462]","2021A003524462","Number of cybercrime incidents","Number","223","units","0","v116321102","14.1","1787","","","","0"
"2019","Montréal, Quebec [24462]","2021A003524462","Rate per 100,000 population","Rate per 100,000 population","265","units","0","v116321103","14.2","41.6","","","","1"
"2019","Ottawa-Gatineau, Quebec part [24505]","2021A003524505","Number of cybercrime incidents","Number","223","units","0","v116321100","13.1","508","","","","0"
"2019","Ottawa-Gatineau, Quebec part [24505]","2021A003524505","Rate per 100,000 population","Rate per 100,000 population","265","units","0","v116321101","13.2","148.9","","","","1"
"2019","Ontario [35]","2021A000235","Number of cybercrime incidents","Number","223","units","0","v116321112","19.1","18800","","","","0"
"2019","Ontario [35]","2021A000235","Rate per 100,000 population","Rate per 100,000 population","265","units","0","v116321113","19.2","129.5","","","","1"
"2019","Ottawa-Gatineau, Ontario part [35505]","2021A003535505","Number of cybercrime incidents","Number","223","units","0","v116321130","28.1","1692","","","","0"
"2019","Ottawa-Gatineau, Ontario part [35505]","2021A003535505","Rate per 100,000 population","Rate per 100,000 population","265","units","0","v116321131","28.2","154.6","","","","1"
"2019","Kingston, Ontario [35521]","2021A003535521","Number of cybercrime incidents","Number","223","units","0","v116321124","25.1","164","","","","0"
"2019","Kingston, Ontario [35521]","2021A003535521","Rate per 100,000 population","Rate per 100,000 population","265","units","0","v116321125","25.2","94.2","","","","1"
"2019","Belleville-Quinte West, Ontario [35522]","2021A003535522","Number of cybercrime incidents","Number","223","units","0","v1066363730","50.1","69","","","","0"
"2019","Belleville-Quinte West, Ontario [35522]","2021A003535522","Rate per 100,000 population","Rate per 100,000 population","265","units","0","v1066363731","50.2","60.4","","","","1"
"2019","Peterborough, Ontario [35529]","2021A003535529","Number of cybercrime incidents","Number","223","units","0","v116321132","29.1","229","","","","0"
"2019","Peterborough, Ontario [35529]","2021A003535529","Rate per 100,000 population","Rate per 100,000 population","265","units","0","v116321133","29.2","175.5","","","","1"
"2019","Toronto, Ontario [35535]","2021A003535535","Number of cybercrime incidents","Number","223","units","0","v116321138","32.1","8674","","","","0"
"2019","Toronto, Ontario [35535]","2021A003535535","Rate per 100,000 population","Rate per 100,000 population","265","units","0","v116321139","32.2","150.7","","","","1"
"2019","Hamilton, Ontario [35537]","2021A003535537","Number of cybercrime incidents","Number","223","units","0","v116321122","24.1","298","","","","0"
"2019","Hamilton, Ontario [35537]","2021A003535537","Rate per 100,000 population","Rate per 100,000 population","265","units","0","v116321123","24.2","51.5","","","","1"
"2019","St. Catharines-Niagara, Ontario [35539]","2021A003535539","Number of cybercrime incidents","Number","223","units","0","v116321134","30.1","1096","","","","0"
"2019","St. Catharines-Niagara, Ontario [35539]","2021A003535539","Rate per 100,000 population","Rate per 100,000 population","265","units","0","v116321135","30.2","226.2","","","","1"
"2019","Kitchener-Cambridge-Waterloo, Ontario [35541]","2021A003535541","Number of cybercrime incidents","Number","223","units","0","v116321126","26.1","1555","","","","0"
"2019","Kitchener-Cambridge-Waterloo, Ontario [35541]","2021A003535541","Rate per 100,000 population","Rate per 100,000 population","265","units","0","v116321127","26.2","261.5","","","","1"
"2019","Brantford, Ontario [35543]","2021A003535543","Number of cybercrime incidents","Number","223","units","0","v116321116","21.1","306","","","","0"
"2019","Brantford, Ontario [35543]","2021A003535543","Rate per 100,000 population","Rate per 100,000 population","265","units","0","v116321117","21.2","211.3","","","","1"
"2019","Guelph, Ontario [35550]","2021A003535550","Number of cybercrime incidents","Number","223","units","0","v116321120","23.1","292","","","","0"
"2019","Guelph, Ontario [35550]","2021A003535550","Rate per 100,000 population","Rate per 100,000 population","265","units","0","v116321121","23.2","201.7","","","","1"
"2019","London, Ontario [35555]","2021A003535555","Number of cybercrime incidents","Number","223","units","0","v116321128","27.1","438","","","","0"
"2019","London, Ontario [35555]","2021A003535555","Rate per 100,000 population","Rate per 100,000 population","265","units","0","v116321129","27.2","79.5","","","","1"
"2019","Windsor, Ontario [35559]","2021A003535559","Number of cybercrime incidents","Number","223","units","0","v116321140","33.1","211","","","","0"
"2019","Windsor, Ontario [35559]","2021A003535559","Rate per 100,000 population","Rate per 100,000 population","265","units","0","v116321141","33.2","64.7","","","","1"
"2019","Barrie, Ontario [35568]","2021A003535568","Number of cybercrime incidents","Number","223","units","0","v116321114","20.1","190","","","","0"
"2019","Barrie, Ontario [35568]","2021A003535568","Rate per 100,000 population","Rate per 100,000 population","265","units","0","v116321115","20.2","74.3","","","","1"
"2019","Greater Sudbury, Ontario [35580]","2021A003535580","Number of cybercrime incidents","Number","223","units","0","v116321118","22.1","342","","","","0"
"2019","Greater Sudbury, Ontario [35580]","2021A003535580","Rate per 100,000 population","Rate per 100,000 population","265","units","0","v116321119","22.2","200.2","","","","1"
"2019","Thunder Bay, Ontario [35595]","2021A003535595","Number of cybercrime incidents","Number","223","units","0","v116321136","31.1","95","","","","0"
"2019","Thunder Bay, Ontario [35595]","2021A003535595","Rate per 100,000 population","Rate per 100,000 population","265","units","0","v116321137","31.2","74.8","","","","1"
"2019","Manitoba [46]","2021A000246","Number of cybercrime incidents","Number","223","units","0","v116321142","34.1","1422","","","","0"
"2019","Manitoba [46]","2021A000246","Rate per 100,000 population","Rate per 100,000 population","265","units","0","v116321143","34.2","106.5","","","","1"
"2019","Winnipeg, Manitoba [46602]","2021A003546602","Number of cybercrime incidents","Number","223","units","0","v116321144","35.1","1034","","","","0"
"2019","Winnipeg, Manitoba [46602]","2021A003546602","Rate per 100,000 population","Rate per 100,000 population","265","units","0","v116321145","35.2","125.0","","","","1"
"2019","Saskatchewan [47]","2021A000247","Number of cybercrime incidents","Number","223","units","0","v116321146","36.1","1067","","","","0"
"2019","Saskatchewan [47]","2021A000247","Rate per 100,000 population","Rate per 100,000 population","265","units","0","v116321147","36.2","92.8","","","","1"
"2019","Regina, Saskatchewan [47705]","2021A003547705","Number of cybercrime incidents","Number","223","units","0","v116321148","37.1","161","","","","0"
"2019","Regina, Saskatchewan [47705]","2021A003547705","Rate per 100,000 population","Rate per 100,000 population","265","units","0","v116321149","37.2","62.2","","","","1"
"2019","Saskatoon, Saskatchewan [47725]","2021A003547725","Number of cybercrime incidents","Number","223","units","0","v116321150","38.1","341","","","","0"
"2019","Saskatoon, Saskatchewan [47725]","2021A003547725","Rate per 100,000 population","Rate per 100,000 population","265","units","0","v116321151","38.2","103.9","","","","1"
"2019","Alberta [48]","2021A000248","Number of cybercrime incidents","Number","223","units","0","v116321152","39.1","7255","","","","0"
"2019","Alberta [48]","2021A000248","Rate per 100,000 population","Rate per 100,000 population","265","units","0","v116321153","39.2","166.1","","","","1"
"2019","Lethbridge, Alberta [48810]","2021A003548810","Number of cybercrime incidents","Number","223","units","0","v1066363732","51.1","421","","","","0"
"2019","Lethbridge, Alberta [48810]","2021A003548810","Rate per 100,000 population","Rate per 100,000 population","265","units","0","v1066363733","51.2","337.8","","","","1"
"2019","Calgary, Alberta [48825]","2021A003548825","Number of cybercrime incidents","Number","223","units","0","v116321154","40.1","2549","","","","0"
"2019","Calgary, Alberta [48825]","2021A003548825","Rate per 100,000 population","Rate per 100,000 population","265","units","0","v116321155","40.2","167.9","","","","1"
"2019","Red Deer, Alberta [48830]","2021A003548830","Number of cybercrime incidents","Number","223","units","0","v1593158554","55.1","","..","","","0"
"2019","Red Deer, Alberta [48830]","2021A003548830","Rate per 100,000 population","Rate per 100,000 population","265","units","0","v1593158555","55.2","","..","","","1"
"2019","Edmonton, Alberta [48835]","2021A003548835","Number of cybercrime incidents","Number","223","units","0","v116321156","41.1","2858","","","","0"
"2019","Edmonton, Alberta [48835]","2021A003548835","Rate per 100,000 population","Rate per 100,000 population","265","units","0","v116321157","41.2","197.7","","","","1"
"2019","British Columbia [59]","2021A000259","Number of cybercrime incidents","Number","223","units","0","v116321158","42.1","10006","","","","0"
"2019","British Columbia [59]","2021A000259","Rate per 100,000 population","Rate per 100,000 population","265","units","0","v116321159","42.2","195.8","","","","1"
"2019","Kelowna, British Columbia [59915]","2021A003559915","Number of cybercrime incidents","Number","223","units","0","v116321162","44.1","394","","","","0"
"2019","Kelowna, British Columbia [59915]","2021A003559915","Rate per 100,000 population","Rate per 100,000 population","265","units","0","v116321163","44.2","179.6","","","","1"
"2019","Kamloops, British Columbia [59925]","2021A003559925","Number of cybercrime incidents","Number","223","units","0","v1593158556","56.1","","..","","","0"
"2019","Kamloops, British Columbia [59925]","2021A003559925","Rate per 100,000 population","Rate per 100,000 population","265","units","0","v1593158557","56.2","","..","","","1"
"2019","Chilliwack, British Columbia [59930]","2021A003559930","Number of cybercrime incidents","Number","223","units","0","v1593158558","57.1","","..","","","0"
"2019","Chilliwack, British Columbia [59930]","2021A003559930","Rate per 100,000 population","Rate per 100,000 population","265","units","0","v1593158559","57.2","","..","","","1"
"2019","Abbotsford-Mission, British Columbia [59932]","2021A003559932","Number of cybercrime incidents","Number","223","units","0","v116321160","43.1","407","","","","0"
"2019","Abbotsford-Mission, British Columbia [59932]","2021A003559932","Rate per 100,000 population","Rate per 100,000 population","265","units","0","v116321161","43.2","203.2","","","","1"
"2019","Vancouver, British Columbia [59933]","2021A003559933","Number of cybercrime incidents","Number","223","units","0","v116321164","45.1","6016","","","","0"
"2019","Vancouver, British Columbia [59933]","2021A003559933","Rate per 100,000 population","Rate per 100,000 population","265","units","0","v116321165","45.2","221.5","","","","1"
"2019","Victoria, British Columbia [59935]","2021A003559935","Number of cybercrime incidents","Number","223","units","0","v116321166","46.1","736","","","","0"
"2019","Victoria, British Columbia [59935]","2021A003559935","Rate per 100,000 population","Rate per 100,000 population","265","units","0","v116321167","46.2","182.0","","","","1"
"2019","Nanaimo, British Columbia [59938]","2021A003559938","Number of cybercrime incidents","Number","223","units","0","v1593158560","58.1","","..","","","0"
"2019","Nanaimo, British Columbia [59938]","2021A003559938","Rate per 100,000 population","Rate per 100,000 population","265","units","0","v1593158561","58.2","","..","","","1"
"2019","Yukon [60]","2021A000260","Number of cybercrime incidents","Number","223","units","0","v116321168","47.1","63","","","","0"
"2019","Yukon [60]","2021A000260","Rate per 100,000 population","Rate per 100,000 population","265","units","0","v116321169","47.2","152.7","","","","1"
"2019","Northwest Territories [61]","2021A000261","Number of cybercrime incidents","Number","223","units","0","v116321170","48.1","59","","","","0"
"2019","Northwest Territories [61]","2021A000261","Rate per 100,000 population","Rate per 100,000 population","265","units","0","v116321171","48.2","132.8","","","","1"
"2019","Nunavut [62]","2021A000262","Number of cybercrime incidents","Number","223","units","0","v116321172","49.1","30","","","","0"
"2019","Nunavut [62]","2021A000262","Rate per 100,000 population","Rate per 100,000 population","265","units","0","v116321173","49.2","77.2","","","","1"
"2019","Canadian Forces Military Police","","Number of cybercrime incidents","Number","223","units","0","v1411953027","52.1","","..","","","0"
"2019","Canadian Forces Military Police","","Rate per 100,000 population","Rate per 100,000 population","265","units","0","v1411953028","52.2","","..","","","2"
"2020","Total police-reported cybercrime","","Number of cybercrime incidents","Number","223","units","0","v116321076","1.1","65141","","","","0"
"2020","Total police-reported cybercrime","","Rate per 100,000 population","Rate per 100,000 population","265","units","0","v116321077","1.2","171.9","","","","1"
"2020","Total Non-Census metropolitan area","","Number of cybercrime incidents","Number","223","units","0","v116321078","2.1","14347","","","","0"
"2020","Total Non-Census metropolitan area","","Rate per 100,000 population","Rate per 100,000 population","265","units","0","v116321079","2.2","134.5","","","","1"
"2020","Total Census metropolitan area","","Number of cybercrime incidents","Number","223","units","0","v116321080","3.1","50766","","","","0"
"2020","Total Census metropolitan area","","Rate per 100,000 population","Rate per 100,000 population","265","units","0","v116321081","3.2","186.4","","","","1"
"2020","Newfoundland and Labrador [10]","2021A000210","Number of cybercrime incidents","Number","223","units","0","v116321082","4.1","760","","","","0"
"2020","Newfoundland and Labrador [10]","2021A000210","Rate per 100,000 population","Rate per 100,000 population","265","units","0","v116321083","4.2","144.2","","","","1"
"2020","St. John's, Newfoundland and Labrador [10001]","2021A003510001","Number of cybercrime incidents","Number","223","units","0","v116321084","5.1","129","","","","0"
"2020","St. John's, Newfoundland and Labrador [10001]","2021A003510001","Rate per 100,000 population","Rate per 100,000 population","265","units","0","v116321085","5.2","60.4","","","","1"
"2020","Prince Edward Island [11]","2021A000211","Number of cybercrime incidents","Number","223","units","0","v116321086","6.1","204","","","","0"
"2020","Prince Edward Island [11]","2021A000211","Rate per 100,000 population","Rate per 100,000 population","265","units","0","v116321087","6.2","128.4","","","","1"
"2020","Nova Scotia [12]","2021A000212","Number of cybercrime incidents","Number","223","units","0","v116321088","7.1","2978","","","","0"
"2020","Nova Scotia [12]","2021A000212","Rate per 100,000 population","Rate per 100,000 population","265","units","0","v116321089","7.2","301.1","","","","1"
"2020","Halifax, Nova Scotia [12205]","2021A003512205","Number of cybercrime incidents","Number","223","units","0","v116321090","8.1","1394","","","","0"
"2020","Halifax, Nova Scotia [12205]","2021A003512205","Rate per 100,000 population","Rate per 100,000 population","265","units","0","v116321091","8.2","310.5","","","","1"
"2020","New Brunswick [13]","2021A000213","Number of cybercrime incidents","Number","223","units","0","v116321092","9.1","1487","","","","0"
"2020","New Brunswick [13]","2021A000213","Rate per 100,000 population","Rate per 100,000 population","265","units","0","v116321093","9.2","189.7","","","","1"
"2020","Moncton, New Brunswick [13305]","2021A003513305","Number of cybercrime incidents","Number","223","units","0","v116321094","10.1","287","","","","0"
"2020","Moncton, New Brunswick [13305]","2021A003513305","Rate per 100,000 population","Rate per 100,000 population","265","units","0","v116321095","10.2","171.4","","","","1"
"2020","Saint John, New Brunswick [13310]","2021A003513310","Number of cybercrime incidents","Number","223","units","0","v116321096","11.1","179","","","","0"
"2020","Saint John, New Brunswick [13310]","2021A003513310","Rate per 100,000 population","Rate per 100,000 population","265","units","0","v116321097","11.2","135.7","","","","1"
"2020","Fredericton, New Brunswick [13320]","2021A003513320","Number of cybercrime incidents","Number","223","units","0","v1593158550","53.1","","..","","","0"
"2020","Fredericton, New Brunswick [13320]","2021A003513320","Rate per 100,000 population","Rate per 100,000 population","265","units","0","v1593158551","53.2","","..","","","1"
"2020","Quebec [24]","2021A000224","Number of cybercrime incidents","Number","223","units","0","v116321098","12.1","6727","","","","0"
"2020","Quebec [24]","2021A000224","Rate per 100,000 population","Rate per 100,000 population","265","units","0","v116321099","12.2","79.2","","","","1"
"2020","Saguenay, Quebec [24408]","2021A003524408","Number of cybercrime incidents","Number","223","units","0","v116321106","16.1","93","","","","0"
"2020","Saguenay, Quebec [24408]","2021A003524408","Rate per 100,000 population","Rate per 100,000 population","265","units","0","v116321107","16.2","55.2","","","","1"
"2020","Québec, Quebec [24421]","2021A003524421","Number of cybercrime incidents","Number","223","units","0","v116321104","15.1","764","","","","0"
"2020","Québec, Quebec [24421]","2021A003524421","Rate per 100,000 population","Rate per 100,000 population","265","units","0","v116321105","15.2","92.6","","","","1"
"2020","Sherbrooke, Quebec [24433]","2021A003524433","Number of cybercrime incidents","Number","223","units","0","v116321108","17.1","293","","","","0"
"2020","Sherbrooke, Quebec [24433]","2021A003524433","Rate per 100,000 population","Rate per 100,000 population","265","units","0","v116321109","17.2","139.9","","","","1"
"2020","Trois-Rivières, Quebec [24442]","2021A003524442","Number of cybercrime incidents","Number","223","units","0","v116321110","18.1","283","","","","0"
"2020","Trois-Rivières, Quebec [24442]","2021A003524442","Rate per 100,000 population","Rate per 100,000 population","265","units","0","v116321111","18.2","177.3","","","","1"
"2020","Drummondville, Quebec [24447]","2021A003524447","Number of cybercrime incidents","Number","223","units","0","v1593158552","54.1","","..","","","0"
"2020","Drummondville, Quebec [24447]","2021A003524447","Rate per 100,000 population","Rate per 100,000 population","265","units","0","v1593158553","54.2","","..","","","1"
"2020","Montréal, Quebec [24462]","2021A003524462","Number of cybercrime incidents","Number","223","units","0","v116321102","14.1","2639","","","","0"
"2020","Montréal, Quebec [24462]","2021A003524462","Rate per 100,000 population","Rate per 100,000 population","265","units","0","v116321103","14.2","61.0","","","","1"
"2020","Ottawa-Gatineau, Quebec part [24505]","2021A003524505","Number of cybercrime incidents","Number","223","units","0","v116321100","13.1","877","","","","0"
"2020","Ottawa-Gatineau, Quebec part [24505]","2021A003524505","Rate per 100,000 population","Rate per 100,000 population","265","units","0","v116321101","13.2","253.8","","","","1"
"2020","Ontario [35]","2021A000235","Number of cybercrime incidents","Number","223","units","0","v116321112","19.1","26646","","","","0"
"2020","Ontario [35]","2021A000235","Rate per 100,000 population","Rate per 100,000 population","265","units","0","v116321113","19.2","181.1","","","","1"
"2020","Ottawa-Gatineau, Ontario part [35505]","2021A003535505","Number of cybercrime incidents","Number","223","units","0","v116321130","28.1","2313","","","","0"
"2020","Ottawa-Gatineau, Ontario part [35505]","2021A003535505","Rate per 100,000 population","Rate per 100,000 population","265","units","0","v116321131","28.2","207.1","","","","1"
"2020","Kingston, Ontario [35521]","2021A003535521","Number of cybercrime incidents","Number","223","units","0","v116321124","25.1","435","","","","0"
"2020","Kingston, Ontario [35521]","2021A003535521","Rate per 100,000 population","Rate per 100,000 population","265","units","0","v116321125","25.2","246.7","","","","1"
"2020","Belleville-Quinte West, Ontario [35522]","2021A003535522","Number of cybercrime incidents","Number","223","units","0","v1066363730","50.1","82","","","","0"
"2020","Belleville-Quinte West, Ontario [35522]","2021A003535522","Rate per 100,000 population","Rate per 100,000 population","265","units","0","v1066363731","50.2","70.5","","","","1"
"2020","Peterborough, Ontario [35529]","2021A003535529","Number of cybercrime incidents","Number","223","units","0","v116321132","29.1","298","","","","0"
"2020","Peterborough, Ontario [35529]","2021A003535529","Rate per 100,000 population","Rate per 100,000 population","265","units","0","v116321133","29.2","226.9","","","","1"
"2020","Toronto, Ontario [35535]","2021A003535535","Number of cybercrime incidents","Number","223","units","0","v116321138","32.1","12117","","","","0"
"2020","Toronto, Ontario [35535]","2021A003535535","Rate per 100,000 population","Rate per 100,000 population","265","units","0","v116321139","32.2","208.8","","","","1"
"2020","Hamilton, Ontario [35537]","2021A003535537","Number of cybercrime incidents","Number","223","units","0","v116321122","24.1","400","","","","0"
"2020","Hamilton, Ontario [35537]","2021A003535537","Rate per 100,000 population","Rate per 100,000 population","265","units","0","v116321123","24.2","68.0","","","","1"
"2020","St. Catharines-Niagara, Ontario [35539]","2021A003535539","Number of cybercrime incidents","Number","223","units","0","v116321134","30.1","2072","","","","0"
"2020","St. Catharines-Niagara, Ontario [35539]","2021A003535539","Rate per 100,000 population","Rate per 100,000 population","265","units","0","v116321135","30.2","422.5","","","","1"
"2020","Kitchener-Cambridge-Waterloo, Ontario [35541]","2021A003535541","Number of cybercrime incidents","Number","223","units","0","v116321126","26.1","2518","","","","0"
"2020","Kitchener-Cambridge-Waterloo, Ontario [35541]","2021A003535541","Rate per 100,000 population","Rate per 100,000 population","265","units","0","v116321127","26.2","414.9","","","","1"
"2020","Brantford, Ontario [35543]","2021A003535543","Number of cybercrime incidents","Number","223","units","0","v116321116","21.1","393","","","","0"
"2020","Brantford, Ontario [35543]","2021A003535543","Rate per 100,000 population","Rate per 100,000 population","265","units","0","v116321117","21.2","266.9","","","","1"
"2020","Guelph, Ontario [35550]","2021A003535550","Number of cybercrime incidents","Number","223","units","0","v116321120","23.1","367","","","","0"
"2020","Guelph, Ontario [35550]","2021A003535550","Rate per 100,000 population","Rate per 100,000 population","265","units","0","v116321121","23.2","247.6","","","","1"
"2020","London, Ontario [35555]","2021A003535555","Number of cybercrime incidents","Number","223","units","0","v116321128","27.1","261","","","","0"
"2020","London, Ontario [35555]","2021A003535555","Rate per 100,000 population","Rate per 100,000 population","265","units","0","v116321129","27.2","46.5","","","","1"
"2020","Windsor, Ontario [35559]","2021A003535559","Number of cybercrime incidents","Number","223","units","0","v116321140","33.1","342","","","","0"
"2020","Windsor, Ontario [35559]","2021A003535559","Rate per 100,000 population","Rate per 100,000 population","265","units","0","v116321141","33.2","103.8","","","","1"
"2020","Barrie, Ontario [35568]","2021A003535568","Number of cybercrime incidents","Number","223","units","0","v116321114","20.1","286","","","","0"
"2020","Barrie, Ontario [35568]","2021A003535568","Rate per 100,000 population","Rate per 100,000 population","265","units","0","v116321115","20.2","109.3","","","","1"
"2020","Greater Sudbury, Ontario [35580]","2021A003535580","Number of cybercrime incidents","Number","223","units","0","v116321118","22.1","616","","","","0"
"2020","Greater Sudbury, Ontario [35580]","2021A003535580","Rate per 100,000 population","Rate per 100,000 population","265","units","0","v116321119","22.2","358.2","","","","1"
"2020","Thunder Bay, Ontario [35595]","2021A003535595","Number of cybercrime incidents","Number","223","units","0","v116321136","31.1","106","","","","0"
"2020","Thunder Bay, Ontario [35595]","2021A003535595","Rate per 100,000 population","Rate per 100,000 population","265","units","0","v116321137","31.2","83.0","","","","1"
"2020","Manitoba [46]","2021A000246","Number of cybercrime incidents","Number","223","units","0","v116321142","34.1","1986","","","","0"
"2020","Manitoba [46]","2021A000246","Rate per 100,000 population","Rate per 100,000 population","265","units","0","v116321143","34.2","144.2","","","","1"
"2020","Winnipeg, Manitoba [46602]","2021A003546602","Number of cybercrime incidents","Number","223","units","0","v116321144","35.1","1517","","","","0"
"2020","Winnipeg, Manitoba [46602]","2021A003546602","Rate per 100,000 population","Rate per 100,000 population","265","units","0","v116321145","35.2","182.2","","","","1"
"2020","Saskatchewan [47]","2021A000247","Number of cybercrime incidents","Number","223","units","0","v116321146","36.1","1473","","","","0"
"2020","Saskatchewan [47]","2021A000247","Rate per 100,000 population","Rate per 100,000 population","265","units","0","v116321147","36.2","127.7","","","","1"
"2020","Regina, Saskatchewan [47705]","2021A003547705","Number of cybercrime incidents","Number","223","units","0","v116321148","37.1","162","","","","0"
"2020","Regina, Saskatchewan [47705]","2021A003547705","Rate per 100,000 population","Rate per 100,000 population","265","units","0","v116321149","37.2","62.4","","","","1"
"2020","Saskatoon, Saskatchewan [47725]","2021A003547725","Number of cybercrime incidents","Number","223","units","0","v116321150","38.1","682","","","","0"
"2020","Saskatoon, Saskatchewan [47725]","2021A003547725","Rate per 100,000 population","Rate per 100,000 population","265","units","0","v116321151","38.2","205.2","","","","1"
"2020","Alberta [48]","2021A000248","Number of cybercrime incidents","Number","223","units","0","v116321152","39.1","7858","","","","0"
"2020","Alberta [48]","2021A000248","Rate per 100,000 population","Rate per 100,000 population","265","units","0","v116321153","39.2","178.2","","","","1"
"2020","Lethbridge, Alberta [48810]","2021A003548810","Number of cybercrime incidents","Number","223","units","0","v1066363732","51.1","433","","","","0"
"2020","Lethbridge, Alberta [48810]","2021A003548810","Rate per 100,000 population","Rate per 100,000 population","265","units","0","v1066363733","51.2","343.0","","","","1"
"2020","Calgary, Alberta [48825]","2021A003548825","Number of cybercrime incidents","Number","223","units","0","v116321154","40.1","2852","","","","0"
"2020","Calgary, Alberta [48825]","2021A003548825","Rate per 100,000 population","Rate per 100,000 population","265","units","0","v116321155","40.2","186.9","","","","1"
"2020","Red Deer, Alberta [48830]","2021A003548830","Number of cybercrime incidents","Number","223","units","0","v1593158554","55.1","","..","","","0"
"2020","Red Deer, Alberta [48830]","2021A003548830","Rate per 100,000 population","Rate per 100,000 population","265","units","0","v1593158555","55.2","","..","","","1"
"2020","Edmonton, Alberta [48835]","2021A003548835","Number of cybercrime incidents","Number","223","units","0","v116321156","41.1","3230","","","","0"
"2020","Edmonton, Alberta [48835]","2021A003548835","Rate per 100,000 population","Rate per 100,000 population","265","units","0","v116321157","41.2","220.0","","","","1"
"2020","British Columbia [59]","2021A000259","Number of cybercrime incidents","Number","223","units","0","v116321158","42.1","14768","","","","0"
"2020","British Columbia [59]","2021A000259","Rate per 100,000 population","Rate per 100,000 population","265","units","0","v116321159","42.2","285.3","","","","1"
"2020","Kelowna, British Columbia [59915]","2021A003559915","Number of cybercrime incidents","Number","223","units","0","v116321162","44.1","554","","","","0"
"2020","Kelowna, British Columbia [59915]","2021A003559915","Rate per 100,000 population","Rate per 100,000 population","265","units","0","v116321163","44.2","246.3","","","","1"
"2020","Kamloops, British Columbia [59925]","2021A003559925","Number of cybercrime incidents","Number","223","units","0","v1593158556","56.1","","..","","","0"
"2020","Kamloops, British Columbia [59925]","2021A003559925","Rate per 100,000 population","Rate per 100,000 population","265","units","0","v1593158557","56.2","","..","","","1"
"2020","Chilliwack, British Columbia [59930]","2021A003559930","Number of cybercrime incidents","Number","223","units","0","v1593158558","57.1","","..","","","0"
"2020","Chilliwack, British Columbia [59930]","2021A003559930","Rate per 100,000 population","Rate per 100,000 population","265","units","0","v1593158559","57.2","","..","","","1"
"2020","Abbotsford-Mission, British Columbia [59932]","2021A003559932","Number of cybercrime incidents","Number","223","units","0","v116321160","43.1","724","","","","0"
"2020","Abbotsford-Mission, British Columbia [59932]","2021A003559932","Rate per 100,000 population","Rate per 100,000 population","265","units","0","v116321161","43.2","358.1","","","","1"
"2020","Vancouver, British Columbia [59933]","2021A003559933","Number of cybercrime incidents","Number","223","units","0","v116321164","45.1","8827","","","","0"
"2020","Vancouver, British Columbia [59933]","2021A003559933","Rate per 100,000 population","Rate per 100,000 population","265","units","0","v116321165","45.2","320.8","","","","1"
"2020","Victoria, British Columbia [59935]","2021A003559935","Number of cybercrime incidents","Number","223","units","0","v116321166","46.1","1227","","","","0"
"2020","Victoria, British Columbia [59935]","2021A003559935","Rate per 100,000 population","Rate per 100,000 population","265","units","0","v116321167","46.2","298.9","","","","1"
"2020","Nanaimo, British Columbia [59938]","2021A003559938","Number of cybercrime incidents","Number","223","units","0","v1593158560","58.1","","..","","","0"
"2020","Nanaimo, British Columbia [59938]","2021A003559938","Rate per 100,000 population","Rate per 100,000 population","265","units","0","v1593158561","58.2","","..","","","1"
"2020","Yukon [60]","2021A000260","Number of cybercrime incidents","Number","223","units","0","v116321168","47.1","81","","","","0"
"2020","Yukon [60]","2021A000260","Rate per 100,000 population","Rate per 100,000 population","265","units","0","v116321169","47.2","192.8","","","","1"
"2020","Northwest Territories [61]","2021A000261","Number of cybercrime incidents","Number","223","units","0","v116321170","48.1","90","","","","0"
"2020","Northwest Territories [61]","2021A000261","Rate per 100,000 population","Rate per 100,000 population","265","units","0","v116321171","48.2","202.2","","","","1"
"2020","Nunavut [62]","2021A000262","Number of cybercrime incidents","Number","223","units","0","v116321172","49.1","55","","","","0"
"2020","Nunavut [62]","2021A000262","Rate per 100,000 population","Rate per 100,000 population","265","units","0","v116321173","49.2","139.3","","","","1"
"2020","Canadian Forces Military Police","","Number of cybercrime incidents","Number","223","units","0","v1411953027","52.1","28","","","","0"
"2020","Canadian Forces Military Police","","Rate per 100,000 population","Rate per 100,000 population","265","units","0","v1411953028","52.2","","..","","","2"
"2021","Total police-reported cybercrime","","Number of cybercrime incidents","Number","223","units","0","v116321076","1.1","71727","","","","0"
"2021","Total police-reported cybercrime","","Rate per 100,000 population","Rate per 100,000 population","265","units","0","v116321077","1.2","188.1","","","","1"
"2021","Total Non-Census metropolitan area","","Number of cybercrime incidents","Number","223","units","0","v116321078","2.1","14245","","","","0"
"2021","Total Non-Census metropolitan area","","Rate per 100,000 population","Rate per 100,000 population","265","units","0","v116321079","2.2","144.4","","","","1"
"2021","Total Census metropolitan area","","Number of cybercrime incidents","Number","223","units","0","v116321080","3.1","57448","","","","0"
"2021","Total Census metropolitan area","","Rate per 100,000 population","Rate per 100,000 population","265","units","0","v116321081","3.2","203.3","","","","1"
"2021","Newfoundland and Labrador [10]","2021A000210","Number of cybercrime incidents","Number","223","units","0","v116321082","4.1","739","","","","0"
"2021","Newfoundland and Labrador [10]","2021A000210","Rate per 100,000 population","Rate per 100,000 population","265","units","0","v116321083","4.2","140.2","","","","1"
"2021","St. John's, Newfoundland and Labrador [10001]","2021A003510001","Number of cybercrime incidents","Number","223","units","0","v116321084","5.1","147","","","","0"
"2021","St. John's, Newfoundland and Labrador [10001]","2021A003510001","Rate per 100,000 population","Rate per 100,000 population","265","units","0","v116321085","5.2","68.6","","","","1"
"2021","Prince Edward Island [11]","2021A000211","Number of cybercrime incidents","Number","223","units","0","v116321086","6.1","225","","","","0"
"2021","Prince Edward Island [11]","2021A000211","Rate per 100,000 population","Rate per 100,000 population","265","units","0","v116321087","6.2","139.0","","","","1"
"2021","Nova Scotia [12]","2021A000212","Number of cybercrime incidents","Number","223","units","0","v116321088","7.1","2930","","","","0"
"2021","Nova Scotia [12]","2021A000212","Rate per 100,000 population","Rate per 100,000 population","265","units","0","v116321089","7.2","293.0","","","","1"
"2021","Halifax, Nova Scotia [12205]","2021A003512205","Number of cybercrime incidents","Number","223","units","0","v116321090","8.1","1469","","","","0"
"2021","Halifax, Nova Scotia [12205]","2021A003512205","Rate per 100,000 population","Rate per 100,000 population","265","units","0","v116321091","8.2","304.7","","","","1"
"2021","New Brunswick [13]","2021A000213","Number of cybercrime incidents","Number","223","units","0","v116321092","9.1","1548","","","","0"
"2021","New Brunswick [13]","2021A000213","Rate per 100,000 population","Rate per 100,000 population","265","units","0","v116321093","9.2","195.7","","","","1"
"2021","Moncton, New Brunswick [13305]","2021A003513305","Number of cybercrime incidents","Number","223","units","0","v116321094","10.1","326","","","","0"
"2021","Moncton, New Brunswick [13305]","2021A003513305","Rate per 100,000 population","Rate per 100,000 population","265","units","0","v116321095","10.2","190.9","","","","1"
"2021","Saint John, New Brunswick [13310]","2021A003513310","Number of cybercrime incidents","Number","223","units","0","v116321096","11.1","142","","","","0"
"2021","Saint John, New Brunswick [13310]","2021A003513310","Rate per 100,000 population","Rate per 100,000 population","265","units","0","v116321097","11.2","107.0","","","","1"
"2021","Fredericton, New Brunswick [13320]","2021A003513320","Number of cybercrime incidents","Number","223","units","0","v1593158550","53.1","273","","","","0"
"2021","Fredericton, New Brunswick [13320]","2021A003513320","Rate per 100,000 population","Rate per 100,000 population","265","units","0","v1593158551","53.2","229.7","","","","1"
"2021","Quebec [24]","2021A000224","Number of cybercrime incidents","Number","223","units","0","v116321098","12.1","8313","","","","0"
"2021","Quebec [24]","2021A000224","Rate per 100,000 population","Rate per 100,000 population","265","units","0","v116321099","12.2","97.7","","","","1"
"2021","Saguenay, Quebec [24408]","2021A003524408","Number of cybercrime incidents","Number","223","units","0","v116321106","16.1","85","","","","0"
"2021","Saguenay, Quebec [24408]","2021A003524408","Rate per 100,000 population","Rate per 100,000 population","265","units","0","v116321107","16.2","50.4","","","","1"
"2021","Québec, Quebec [24421]","2021A003524421","Number of cybercrime incidents","Number","223","units","0","v116321104","15.1","1119","","","","0"
"2021","Québec, Quebec [24421]","2021A003524421","Rate per 100,000 population","Rate per 100,000 population","265","units","0","v116321105","15.2","135.1","","","","1"
"2021","Sherbrooke, Quebec [24433]","2021A003524433","Number of cybercrime incidents","Number","223","units","0","v116321108","17.1","282","","","","0"
"2021","Sherbrooke, Quebec [24433]","2021A003524433","Rate per 100,000 population","Rate per 100,000 population","265","units","0","v116321109","17.2","132.7","","","","1"
"2021","Trois-Rivières, Quebec [24442]","2021A003524442","Number of cybercrime incidents","Number","223","units","0","v116321110","18.1","432","","","","0"
"2021","Trois-Rivières, Quebec [24442]","2021A003524442","Rate per 100,000 population","Rate per 100,000 population","265","units","0","v116321111","18.2","268.7","","","","1"
"2021","Drummondville, Quebec [24447]","2021A003524447","Number of cybercrime incidents","Number","223","units","0","v1593158552","54.1","163","","","","0"
"2021","Drummondville, Quebec [24447]","2021A003524447","Rate per 100,000 population","Rate per 100,000 population","265","units","0","v1593158553","54.2","149.9","","","","1"
"2021","Montréal, Quebec [24462]","2021A003524462","Number of cybercrime incidents","Number","223","units","0","v116321102","14.1","3235","","","","0"
"2021","Montréal, Quebec [24462]","2021A003524462","Rate per 100,000 population","Rate per 100,000 population","265","units","0","v116321103","14.2","74.1","","","","1"
"2021","Ottawa-Gatineau, Quebec part [24505]","2021A003524505","Number of cybercrime incidents","Number","223","units","0","v116321100","13.1","956","","","","0"
"2021","Ottawa-Gatineau, Quebec part [24505]","2021A003524505","Rate per 100,000 population","Rate per 100,000 population","265","units","0","v116321101","13.2","274.6","","","","1"
"2021","Ontario [35]","2021A000235","Number of cybercrime incidents","Number","223","units","0","v116321112","19.1","29136","","","","0"
"2021","Ontario [35]","2021A000235","Rate per 100,000 population","Rate per 100,000 population","265","units","0","v116321113","19.2","197.0","","","","1"
"2021","Ottawa-Gatineau, Ontario part [35505]","2021A003535505","Number of cybercrime incidents","Number","223","units","0","v116321130","28.1","2736","","","","0"
"2021","Ottawa-Gatineau, Ontario part [35505]","2021A003535505","Rate per 100,000 population","Rate per 100,000 population","265","units","0","v116321131","28.2","232.5","","","","1"
"2021","Kingston, Ontario [35521]","2021A003535521","Number of cybercrime incidents","Number","223","units","0","v116321124","25.1","441","","","","0"
"2021","Kingston, Ontario [35521]","2021A003535521","Rate per 100,000 population","Rate per 100,000 population","265","units","0","v116321125","25.2","248.1","","","","1"
"2021","Belleville-Quinte West, Ontario [35522]","2021A003535522","Number of cybercrime incidents","Number","223","units","0","v1066363730","50.1","135","","","","0"
"2021","Belleville-Quinte West, Ontario [35522]","2021A003535522","Rate per 100,000 population","Rate per 100,000 population","265","units","0","v1066363731","50.2","114.6","","","","1"
"2021","Peterborough, Ontario [35529]","2021A003535529","Number of cybercrime incidents","Number","223","units","0","v116321132","29.1","206","","","","0"
"2021","Peterborough, Ontario [35529]","2021A003535529","Rate per 100,000 population","Rate per 100,000 population","265","units","0","v116321133","29.2","155.6","","","","1"
"2021","Toronto, Ontario [35535]","2021A003535535","Number of cybercrime incidents","Number","223","units","0","v116321138","32.1","11362","","","","0"
"2021","Toronto, Ontario [35535]","2021A003535535","Rate per 100,000 population","Rate per 100,000 population","265","units","0","v116321139","32.2","196.9","","","","1"
"2021","Hamilton, Ontario [35537]","2021A003535537","Number of cybercrime incidents","Number","223","units","0","v116321122","24.1","723","","","","0"
"2021","Hamilton, Ontario [35537]","2021A003535537","Rate per 100,000 population","Rate per 100,000 population","265","units","0","v116321123","24.2","121.7","","","","1"
"2021","St. Catharines-Niagara, Ontario [35539]","2021A003535539","Number of cybercrime incidents","Number","223","units","0","v116321134","30.1","2573","","","","0"
"2021","St. Catharines-Niagara, Ontario [35539]","2021A003535539","Rate per 100,000 population","Rate per 100,000 population","265","units","0","v116321135","30.2","517.5","","","","1"
"2021","Kitchener-Cambridge-Waterloo, Ontario [35541]","2021A003535541","Number of cybercrime incidents","Number","223","units","0","v116321126","26.1","3313","","","","0"
"2021","Kitchener-Cambridge-Waterloo, Ontario [35541]","2021A003535541","Rate per 100,000 population","Rate per 100,000 population","265","units","0","v116321127","26.2","539.3","","","","1"
"2021","Brantford, Ontario [35543]","2021A003535543","Number of cybercrime incidents","Number","223","units","0","v116321116","21.1","482","","","","0"
"2021","Brantford, Ontario [35543]","2021A003535543","Rate per 100,000 population","Rate per 100,000 population","265","units","0","v116321117","21.2","320.7","","","","1"
"2021","Guelph, Ontario [35550]","2021A003535550","Number of cybercrime incidents","Number","223","units","0","v116321120","23.1","389","","","","0"
"2021","Guelph, Ontario [35550]","2021A003535550","Rate per 100,000 population","Rate per 100,000 population","265","units","0","v116321121","23.2","258.9","","","","1"
"2021","London, Ontario [35555]","2021A003535555","Number of cybercrime incidents","Number","223","units","0","v116321128","27.1","290","","","","0"
"2021","London, Ontario [35555]","2021A003535555","Rate per 100,000 population","Rate per 100,000 population","265","units","0","v116321129","27.2","50.9","","","","1"
"2021","Windsor, Ontario [35559]","2021A003535559","Number of cybercrime incidents","Number","223","units","0","v116321140","33.1","606","","","","0"
"2021","Windsor, Ontario [35559]","2021A003535559","Rate per 100,000 population","Rate per 100,000 population","265","units","0","v116321141","33.2","149.4","","","","1"
"2021","Barrie, Ontario [35568]","2021A003535568","Number of cybercrime incidents","Number","223","units","0","v116321114","20.1","410","","","","0"
"2021","Barrie, Ontario [35568]","2021A003535568","Rate per 100,000 population","Rate per 100,000 population","265","units","0","v116321115","20.2","153.4","","","","1"
"2021","Greater Sudbury, Ontario [35580]","2021A003535580","Number of cybercrime incidents","Number","223","units","0","v116321118","22.1","761","","","","0"
"2021","Greater Sudbury, Ontario [35580]","2021A003535580","Rate per 100,000 population","Rate per 100,000 population","265","units","0","v116321119","22.2","418.6","","","","1"
"2021","Thunder Bay, Ontario [35595]","2021A003535595","Number of cybercrime incidents","Number","223","units","0","v116321136","31.1","189","","","","0"
"2021","Thunder Bay, Ontario [35595]","2021A003535595","Rate per 100,000 population","Rate per 100,000 population","265","units","0","v116321137","31.2","148.7","","","","1"
"2021","Manitoba [46]","2021A000246","Number of cybercrime incidents","Number","223","units","0","v116321142","34.1","2178","","","","0"
"2021","Manitoba [46]","2021A000246","Rate per 100,000 population","Rate per 100,000 population","265","units","0","v116321143","34.2","156.8","","","","1"
"2021","Winnipeg, Manitoba [46602]","2021A003546602","Number of cybercrime incidents","Number","223","units","0","v116321144","35.1","1555","","","","0"
"2021","Winnipeg, Manitoba [46602]","2021A003546602","Rate per 100,000 population","Rate per 100,000 population","265","units","0","v116321145","35.2","185.4","","","","1"
"2021","Saskatchewan [47]","2021A000247","Number of cybercrime incidents","Number","223","units","0","v116321146","36.1","1890","","","","0"
"2021","Saskatchewan [47]","2021A000247","Rate per 100,000 population","Rate per 100,000 population","265","units","0","v116321147","36.2","163.8","","","","1"
"2021","Regina, Saskatchewan [47705]","2021A003547705","Number of cybercrime incidents","Number","223","units","0","v116321148","37.1","226","","","","0"
"2021","Regina, Saskatchewan [47705]","2021A003547705","Rate per 100,000 population","Rate per 100,000 population","265","units","0","v116321149","37.2","87.1","","","","1"
"2021","Saskatoon, Saskatchewan [47725]","2021A003547725","Number of cybercrime incidents","Number","223","units","0","v116321150","38.1","850","","","","0"
"2021","Saskatoon, Saskatchewan [47725]","2021A003547725","Rate per 100,000 population","Rate per 100,000 population","265","units","0","v116321151","38.2","255.3","","","","1"
"2021","Alberta [48]","2021A000248","Number of cybercrime incidents","Number","223","units","0","v116321152","39.1","8661","","","","0"
"2021","Alberta [48]","2021A000248","Rate per 100,000 population","Rate per 100,000 population","265","units","0","v116321153","39.2","194.9","","","","1"
"2021","Lethbridge, Alberta [48810]","2021A003548810","Number of cybercrime incidents","Number","223","units","0","v1066363732","51.1","502","","","","0"
"2021","Lethbridge, Alberta [48810]","2021A003548810","Rate per 100,000 population","Rate per 100,000 population","265","units","0","v1066363733","51.2","394.0","","","","1"
"2021","Calgary, Alberta [48825]","2021A003548825","Number of cybercrime incidents","Number","223","units","0","v116321154","40.1","3130","","","","0"
"2021","Calgary, Alberta [48825]","2021A003548825","Rate per 100,000 population","Rate per 100,000 population","265","units","0","v116321155","40.2","202.9","","","","1"
"2021","Red Deer, Alberta [48830]","2021A003548830","Number of cybercrime incidents","Number","223","units","0","v1593158554","55.1","281","","","","0"
"2021","Red Deer, Alberta [48830]","2021A003548830","Rate per 100,000 population","Rate per 100,000 population","265","units","0","v1593158555","55.2","269.3","","","","1"
"2021","Edmonton, Alberta [48835]","2021A003548835","Number of cybercrime incidents","Number","223","units","0","v116321156","41.1","3518","","","","0"
"2021","Edmonton, Alberta [48835]","2021A003548835","Rate per 100,000 population","Rate per 100,000 population","265","units","0","v116321157","41.2","237.8","","","","1"
"2021","British Columbia [59]","2021A000259","Number of cybercrime incidents","Number","223","units","0","v116321158","42.1","15819","","","","0"
"2021","British Columbia [59]","2021A000259","Rate per 100,000 population","Rate per 100,000 population","265","units","0","v116321159","42.2","302.7","","","","1"
"2021","Kelowna, British Columbia [59915]","2021A003559915","Number of cybercrime incidents","Number","223","units","0","v116321162","44.1","742","","","","0"
"2021","Kelowna, British Columbia [59915]","2021A003559915","Rate per 100,000 population","Rate per 100,000 population","265","units","0","v116321163","44.2","321.5","","","","1"
"2021","Kamloops, British Columbia [59925]","2021A003559925","Number of cybercrime incidents","Number","223","units","0","v1593158556","56.1","222","","","","0"
"2021","Kamloops, British Columbia [59925]","2021A003559925","Rate per 100,000 population","Rate per 100,000 population","265","units","0","v1593158557","56.2","190.0","","","","1"
"2021","Chilliwack, British Columbia [59930]","2021A003559930","Number of cybercrime incidents","Number","223","units","0","v1593158558","57.1","726","","","","0"
"2021","Chilliwack, British Columbia [59930]","2021A003559930","Rate per 100,000 population","Rate per 100,000 population","265","units","0","v1593158559","57.2","605.6","","","","1"
"2021","Abbotsford-Mission, British Columbia [59932]","2021A003559932","Number of cybercrime incidents","Number","223","units","0","v116321160","43.1","921","","","","0"
"2021","Abbotsford-Mission, British Columbia [59932]","2021A003559932","Rate per 100,000 population","Rate per 100,000 population","265","units","0","v116321161","43.2","451.0","","","","1"
"2021","Vancouver, British Columbia [59933]","2021A003559933","Number of cybercrime incidents","Number","223","units","0","v116321164","45.1","8838","","","","0"
"2021","Vancouver, British Columbia [59933]","2021A003559933","Rate per 100,000 population","Rate per 100,000 population","265","units","0","v116321165","45.2","318.8","","","","1"
"2021","Victoria, British Columbia [59935]","2021A003559935","Number of cybercrime incidents","Number","223","units","0","v116321166","46.1","1388","","","","0"
"2021","Victoria, British Columbia [59935]","2021A003559935","Rate per 100,000 population","Rate per 100,000 population","265","units","0","v116321167","46.2","334.3","","","","1"
"2021","Nanaimo, British Columbia [59938]","2021A003559938","Number of cybercrime incidents","Number","223","units","0","v1593158560","58.1","220","","","","0"
"2021","Nanaimo, British Columbia [59938]","2021A003559938","Rate per 100,000 population","Rate per 100,000 population","265","units","0","v1593158561","58.2","183.1","","","","1"
"2021","Yukon [60]","2021A000260","Number of cybercrime incidents","Number","223","units","0","v116321168","47.1","93","","","","0"
"2021","Yukon [60]","2021A000260","Rate per 100,000 population","Rate per 100,000 population","265","units","0","v116321169","47.2","216.4","","","","1"
"2021","Northwest Territories [61]","2021A000261","Number of cybercrime incidents","Number","223","units","0","v116321170","48.1","102","","","","0"
"2021","Northwest Territories [61]","2021A000261","Rate per 100,000 population","Rate per 100,000 population","265","units","0","v116321171","48.2","228.8","","","","1"
"2021","Nunavut [62]","2021A000262","Number of cybercrime incidents","Number","223","units","0","v116321172","49.1","59","","","","0"
"2021","Nunavut [62]","2021A000262","Rate per 100,000 population","Rate per 100,000 population","265","units","0","v116321173","49.2","147.2","","","","1"
"2021","Canadian Forces Military Police","","Number of cybercrime incidents","Number","223","units","0","v1411953027","52.1","34","","","","0"
"2021","Canadian Forces Military Police","","Rate per 100,000 population","Rate per 100,000 population","265","units","0","v1411953028","52.2","","..","","","2"
"2022","Total police-reported cybercrime","","Number of cybercrime incidents","Number","223","units","0","v116321076","1.1","80246","","","","0"
"2022","Total police-reported cybercrime","","Rate per 100,000 population","Rate per 100,000 population","265","units","0","v116321077","1.2","206.6","","","","1"
"2022","Total Non-Census metropolitan area","","Number of cybercrime incidents","Number","223","units","0","v116321078","2.1","15542","","","","0"
"2022","Total Non-Census metropolitan area","","Rate per 100,000 population","Rate per 100,000 population","265","units","0","v116321079","2.2","155.7","","","","1"
"2022","Total Census metropolitan area","","Number of cybercrime incidents","Number","223","units","0","v116321080","3.1","64658","","","","0"
"2022","Total Census metropolitan area","","Rate per 100,000 population","Rate per 100,000 population","265","units","0","v116321081","3.2","224.0","","","","1"
"2022","Newfoundland and Labrador [10]","2021A000210","Number of cybercrime incidents","Number","223","units","0","v116321082","4.1","912","","","","0"
"2022","Newfoundland and Labrador [10]","2021A000210","Rate per 100,000 population","Rate per 100,000 population","265","units","0","v116321083","4.2","171.6","","","","1"
"2022","St. John's, Newfoundland and Labrador [10001]","2021A003510001","Number of cybercrime incidents","Number","223","units","0","v116321084","5.1","187","","","","0"
"2022","St. John's, Newfoundland and Labrador [10001]","2021A003510001","Rate per 100,000 population","Rate per 100,000 population","265","units","0","v116321085","5.2","85.8","","","","1"
"2022","Prince Edward Island [11]","2021A000211","Number of cybercrime incidents","Number","223","units","0","v116321086","6.1","255","","","","0"
"2022","Prince Edward Island [11]","2021A000211","Rate per 100,000 population","Rate per 100,000 population","265","units","0","v116321087","6.2","152.8","","","","1"
"2022","Nova Scotia [12]","2021A000212","Number of cybercrime incidents","Number","223","units","0","v116321088","7.1","3212","","","","0"
"2022","Nova Scotia [12]","2021A000212","Rate per 100,000 population","Rate per 100,000 population","265","units","0","v116321089","7.2","313.7","","","","1"
"2022","Halifax, Nova Scotia [12205]","2021A003512205","Number of cybercrime incidents","Number","223","units","0","v116321090","8.1","1651","","","","0"
"2022","Halifax, Nova Scotia [12205]","2021A003512205","Rate per 100,000 population","Rate per 100,000 population","265","units","0","v116321091","8.2","331.3","","","","1"
"2022","New Brunswick [13]","2021A000213","Number of cybercrime incidents","Number","223","units","0","v116321092","9.1","1753","","","","0"
"2022","New Brunswick [13]","2021A000213","Rate per 100,000 population","Rate per 100,000 population","265","units","0","v116321093","9.2","216.6","","","","1"
"2022","Moncton, New Brunswick [13305]","2021A003513305","Number of cybercrime incidents","Number","223","units","0","v116321094","10.1","392","","","","0"
"2022","Moncton, New Brunswick [13305]","2021A003513305","Rate per 100,000 population","Rate per 100,000 population","265","units","0","v116321095","10.2","221.0","","","","1"
"2022","Saint John, New Brunswick [13310]","2021A003513310","Number of cybercrime incidents","Number","223","units","0","v116321096","11.1","150","","","","0"
"2022","Saint John, New Brunswick [13310]","2021A003513310","Rate per 100,000 population","Rate per 100,000 population","265","units","0","v116321097","11.2","111.1","","","","1"
"2022","Fredericton, New Brunswick [13320]","2021A003513320","Number of cybercrime incidents","Number","223","units","0","v1593158550","53.1","244","","","","0"
"2022","Fredericton, New Brunswick [13320]","2021A003513320","Rate per 100,000 population","Rate per 100,000 population","265","units","0","v1593158551","53.2","202.9","","","","1"
"2022","Quebec [24]","2021A000224","Number of cybercrime incidents","Number","223","units","0","v116321098","12.1","8549","","","","0"
"2022","Quebec [24]","2021A000224","Rate per 100,000 population","Rate per 100,000 population","265","units","0","v116321099","12.2","99.3","","","","1"
"2022","Saguenay, Quebec [24408]","2021A003524408","Number of cybercrime incidents","Number","223","units","0","v116321106","16.1","75","","","","0"
"2022","Saguenay, Quebec [24408]","2021A003524408","Rate per 100,000 population","Rate per 100,000 population","265","units","0","v116321107","16.2","43.9","","","","1"
"2022","Québec, Quebec [24421]","2021A003524421","Number of cybercrime incidents","Number","223","units","0","v116321104","15.1","1049","","","","0"
"2022","Québec, Quebec [24421]","2021A003524421","Rate per 100,000 population","Rate per 100,000 population","265","units","0","v116321105","15.2","124.7","","","","1"
"2022","Sherbrooke, Quebec [24433]","2021A003524433","Number of cybercrime incidents","Number","223","units","0","v116321108","17.1","277","","","","0"
"2022","Sherbrooke, Quebec [24433]","2021A003524433","Rate per 100,000 population","Rate per 100,000 population","265","units","0","v116321109","17.2","128.1","","","","1"
"2022","Trois-Rivières, Quebec [24442]","2021A003524442","Number of cybercrime incidents","Number","223","units","0","v116321110","18.1","290","","","","0"
"2022","Trois-Rivières, Quebec [24442]","2021A003524442","Rate per 100,000 population","Rate per 100,000 population","265","units","0","v116321111","18.2","177.0","","","","1"
"2022","Drummondville, Quebec [24447]","2021A003524447","Number of cybercrime incidents","Number","223","units","0","v1593158552","54.1","159","","","","0"
"2022","Drummondville, Quebec [24447]","2021A003524447","Rate per 100,000 population","Rate per 100,000 population","265","units","0","v1593158553","54.2","144.2","","","","1"
"2022","Montréal, Quebec [24462]","2021A003524462","Number of cybercrime incidents","Number","223","units","0","v116321102","14.1","3322","","","","0"
"2022","Montréal, Quebec [24462]","2021A003524462","Rate per 100,000 population","Rate per 100,000 population","265","units","0","v116321103","14.2","75.4","","","","1"
"2022","Ottawa-Gatineau, Quebec part [24505]","2021A003524505","Number of cybercrime incidents","Number","223","units","0","v116321100","13.1","1053","","","","0"
"2022","Ottawa-Gatineau, Quebec part [24505]","2021A003524505","Rate per 100,000 population","Rate per 100,000 population","265","units","0","v116321101","13.2","300.6","","","","1"
"2022","Ontario [35]","2021A000235","Number of cybercrime incidents","Number","223","units","0","v116321112","19.1","32868","","","","0"
"2022","Ontario [35]","2021A000235","Rate per 100,000 population","Rate per 100,000 population","265","units","0","v116321113","19.2","217.3","","","","1"
"2022","Ottawa-Gatineau, Ontario part [35505]","2021A003535505","Number of cybercrime incidents","Number","223","units","0","v116321130","28.1","2682","","","","0"
"2022","Ottawa-Gatineau, Ontario part [35505]","2021A003535505","Rate per 100,000 population","Rate per 100,000 population","265","units","0","v116321131","28.2","223.3","","","","1"
"2022","Kingston, Ontario [35521]","2021A003535521","Number of cybercrime incidents","Number","223","units","0","v116321124","25.1","393","","","","0"
"2022","Kingston, Ontario [35521]","2021A003535521","Rate per 100,000 population","Rate per 100,000 population","265","units","0","v116321125","25.2","215.9","","","","1"
"2022","Belleville-Quinte West, Ontario [35522]","2021A003535522","Number of cybercrime incidents","Number","223","units","0","v1066363730","50.1","102","","","","0"
"2022","Belleville-Quinte West, Ontario [35522]","2021A003535522","Rate per 100,000 population","Rate per 100,000 population","265","units","0","v1066363731","50.2","84.7","","","","1"
"2022","Peterborough, Ontario [35529]","2021A003535529","Number of cybercrime incidents","Number","223","units","0","v116321132","29.1","254","","","","0"
"2022","Peterborough, Ontario [35529]","2021A003535529","Rate per 100,000 population","Rate per 100,000 population","265","units","0","v116321133","29.2","187.7","","","","1"
"2022","Toronto, Ontario [35535]","2021A003535535","Number of cybercrime incidents","Number","223","units","0","v116321138","32.1","14167","","","","0"
"2022","Toronto, Ontario [35535]","2021A003535535","Rate per 100,000 population","Rate per 100,000 population","265","units","0","v116321139","32.2","241.2","","","","1"
"2022","Hamilton, Ontario [35537]","2021A003535537","Number of cybercrime incidents","Number","223","units","0","v116321122","24.1","998","","","","0"
"2022","Hamilton, Ontario [35537]","2021A003535537","Rate per 100,000 population","Rate per 100,000 population","265","units","0","v116321123","24.2","165.6","","","","1"
"2022","St. Catharines-Niagara, Ontario [35539]","2021A003535539","Number of cybercrime incidents","Number","223","units","0","v116321134","30.1","2057","","","","0"
"2022","St. Catharines-Niagara, Ontario [35539]","2021A003535539","Rate per 100,000 population","Rate per 100,000 population","265","units","0","v116321135","30.2","404.2","","","","1"
"2022","Kitchener-Cambridge-Waterloo, Ontario [35541]","2021A003535541","Number of cybercrime incidents","Number","223","units","0","v116321126","26.1","3774","","","","0"
"2022","Kitchener-Cambridge-Waterloo, Ontario [35541]","2021A003535541","Rate per 100,000 population","Rate per 100,000 population","265","units","0","v116321127","26.2","590.3","","","","1"
"2022","Brantford, Ontario [35543]","2021A003535543","Number of cybercrime incidents","Number","223","units","0","v116321116","21.1","474","","","","0"
"2022","Brantford, Ontario [35543]","2021A003535543","Rate per 100,000 population","Rate per 100,000 population","265","units","0","v116321117","21.2","306.0","","","","1"
"2022","Guelph, Ontario [35550]","2021A003535550","Number of cybercrime incidents","Number","223","units","0","v116321120","23.1","342","","","","0"
"2022","Guelph, Ontario [35550]","2021A003535550","Rate per 100,000 population","Rate per 100,000 population","265","units","0","v116321121","23.2","223.2","","","","1"
"2022","London, Ontario [35555]","2021A003535555","Number of cybercrime incidents","Number","223","units","0","v116321128","27.1","594","","","","0"
"2022","London, Ontario [35555]","2021A003535555","Rate per 100,000 population","Rate per 100,000 population","265","units","0","v116321129","27.2","100.9","","","","1"
"2022","Windsor, Ontario [35559]","2021A003535559","Number of cybercrime incidents","Number","223","units","0","v116321140","33.1","1033","","","","0"
"2022","Windsor, Ontario [35559]","2021A003535559","Rate per 100,000 population","Rate per 100,000 population","265","units","0","v116321141","33.2","227.8","","","","1"
"2022","Barrie, Ontario [35568]","2021A003535568","Number of cybercrime incidents","Number","223","units","0","v116321114","20.1","460","","","","0"
"2022","Barrie, Ontario [35568]","2021A003535568","Rate per 100,000 population","Rate per 100,000 population","265","units","0","v116321115","20.2","167.1","","","","1"
"2022","Greater Sudbury, Ontario [35580]","2021A003535580","Number of cybercrime incidents","Number","223","units","0","v116321118","22.1","704","","","","0"
"2022","Greater Sudbury, Ontario [35580]","2021A003535580","Rate per 100,000 population","Rate per 100,000 population","265","units","0","v116321119","22.2","381.2","","","","1"
"2022","Thunder Bay, Ontario [35595]","2021A003535595","Number of cybercrime incidents","Number","223","units","0","v116321136","31.1","361","","","","0"
"2022","Thunder Bay, Ontario [35595]","2021A003535595","Rate per 100,000 population","Rate per 100,000 population","265","units","0","v116321137","31.2","282.5","","","","1"
"2022","Manitoba [46]","2021A000246","Number of cybercrime incidents","Number","223","units","0","v116321142","34.1","2326","","","","0"
"2022","Manitoba [46]","2021A000246","Rate per 100,000 population","Rate per 100,000 population","265","units","0","v116321143","34.2","164.9","","","","1"
"2022","Winnipeg, Manitoba [46602]","2021A003546602","Number of cybercrime incidents","Number","223","units","0","v116321144","35.1","1653","","","","0"
"2022","Winnipeg, Manitoba [46602]","2021A003546602","Rate per 100,000 population","Rate per 100,000 population","265","units","0","v116321145","35.2","193.6","","","","1"
"2022","Saskatchewan [47]","2021A000247","Number of cybercrime incidents","Number","223","units","0","v116321146","36.1","1922","","","","0"
"2022","Saskatchewan [47]","2021A000247","Rate per 100,000 population","Rate per 100,000 population","265","units","0","v116321147","36.2","164.9","","","","1"
"2022","Regina, Saskatchewan [47705]","2021A003547705","Number of cybercrime incidents","Number","223","units","0","v116321148","37.1","236","","","","0"
"2022","Regina, Saskatchewan [47705]","2021A003547705","Rate per 100,000 population","Rate per 100,000 population","265","units","0","v116321149","37.2","90.5","","","","1"
"2022","Saskatoon, Saskatchewan [47725]","2021A003547725","Number of cybercrime incidents","Number","223","units","0","v116321150","38.1","932","","","","0"
"2022","Saskatoon, Saskatchewan [47725]","2021A003547725","Rate per 100,000 population","Rate per 100,000 population","265","units","0","v116321151","38.2","273.7","","","","1"
"2022","Alberta [48]","2021A000248","Number of cybercrime incidents","Number","223","units","0","v116321152","39.1","9697","","","","0"
"2022","Alberta [48]","2021A000248","Rate per 100,000 population","Rate per 100,000 population","265","units","0","v116321153","39.2","214.3","","","","1"
"2022","Lethbridge, Alberta [48810]","2021A003548810","Number of cybercrime incidents","Number","223","units","0","v1066363732","51.1","634","","","","0"
"2022","Lethbridge, Alberta [48810]","2021A003548810","Rate per 100,000 population","Rate per 100,000 population","265","units","0","v1066363733","51.2","486.2","","","","1"
"2022","Calgary, Alberta [48825]","2021A003548825","Number of cybercrime incidents","Number","223","units","0","v116321154","40.1","3319","","","","0"
"2022","Calgary, Alberta [48825]","2021A003548825","Rate per 100,000 population","Rate per 100,000 population","265","units","0","v116321155","40.2","208.9","","","","1"
"2022","Red Deer, Alberta [48830]","2021A003548830","Number of cybercrime incidents","Number","223","units","0","v1593158554","55.1","333","","","","0"
"2022","Red Deer, Alberta [48830]","2021A003548830","Rate per 100,000 population","Rate per 100,000 population","265","units","0","v1593158555","55.2","316.6","","","","1"
"2022","Edmonton, Alberta [48835]","2021A003548835","Number of cybercrime incidents","Number","223","units","0","v116321156","41.1","4114","","","","0"
"2022","Edmonton, Alberta [48835]","2021A003548835","Rate per 100,000 population","Rate per 100,000 population","265","units","0","v116321157","41.2","272.9","","","","1"
"2022","British Columbia [59]","2021A000259","Number of cybercrime incidents","Number","223","units","0","v116321158","42.1","18473","","","","0"
"2022","British Columbia [59]","2021A000259","Rate per 100,000 population","Rate per 100,000 population","265","units","0","v116321159","42.2","345.7","","","","1"
"2022","Kelowna, British Columbia [59915]","2021A003559915","Number of cybercrime incidents","Number","223","units","0","v116321162","44.1","869","","","","0"
"2022","Kelowna, British Columbia [59915]","2021A003559915","Rate per 100,000 population","Rate per 100,000 population","265","units","0","v116321163","44.2","364.4","","","","1"
"2022","Kamloops, British Columbia [59925]","2021A003559925","Number of cybercrime incidents","Number","223","units","0","v1593158556","56.1","302","","","","0"
"2022","Kamloops, British Columbia [59925]","2021A003559925","Rate per 100,000 population","Rate per 100,000 population","265","units","0","v1593158557","56.2","252.7","","","","1"
"2022","Chilliwack, British Columbia [59930]","2021A003559930","Number of cybercrime incidents","Number","223","units","0","v1593158558","57.1","743","","","","0"
"2022","Chilliwack, British Columbia [59930]","2021A003559930","Rate per 100,000 population","Rate per 100,000 population","265","units","0","v1593158559","57.2","607.2","","","","1"
"2022","Abbotsford-Mission, British Columbia [59932]","2021A003559932","Number of cybercrime incidents","Number","223","units","0","v116321160","43.1","1037","","","","0"
"2022","Abbotsford-Mission, British Columbia [59932]","2021A003559932","Rate per 100,000 population","Rate per 100,000 population","265","units","0","v116321161","43.2","499.8","","","","1"
"2022","Vancouver, British Columbia [59933]","2021A003559933","Number of cybercrime incidents","Number","223","units","0","v116321164","45.1","10267","","","","0"
"2022","Vancouver, British Columbia [59933]","2021A003559933","Rate per 100,000 population","Rate per 100,000 population","265","units","0","v116321165","45.2","359.5","","","","1"
"2022","Victoria, British Columbia [59935]","2021A003559935","Number of cybercrime incidents","Number","223","units","0","v116321166","46.1","1823","","","","0"
"2022","Victoria, British Columbia [59935]","2021A003559935","Rate per 100,000 population","Rate per 100,000 population","265","units","0","v116321167","46.2","432.8","","","","1"
"2022","Nanaimo, British Columbia [59938]","2021A003559938","Number of cybercrime incidents","Number","223","units","0","v1593158560","58.1","292","","","","0"
"2022","Nanaimo, British Columbia [59938]","2021A003559938","Rate per 100,000 population","Rate per 100,000 population","265","units","0","v1593158561","58.2","237.8","","","","1"
"2022","Yukon [60]","2021A000260","Number of cybercrime incidents","Number","223","units","0","v116321168","47.1","100","","","","0"
"2022","Yukon [60]","2021A000260","Rate per 100,000 population","Rate per 100,000 population","265","units","0","v116321169","47.2","227.3","","","","1"
"2022","Northwest Territories [61]","2021A000261","Number of cybercrime incidents","Number","223","units","0","v116321170","48.1","68","","","","0"
"2022","Northwest Territories [61]","2021A000261","Rate per 100,000 population","Rate per 100,000 population","265","units","0","v116321171","48.2","153.7","","","","1"
"2022","Nunavut [62]","2021A000262","Number of cybercrime incidents","Number","223","units","0","v116321172","49.1","65","","","","0"
"2022","Nunavut [62]","2021A000262","Rate per 100,000 population","Rate per 100,000 population","265","units","0","v116321173","49.2","160.1","","","","1"
"2022","Canadian Forces Military Police","","Number of cybercrime incidents","Number","223","units","0","v1411953027","52.1","46","","","","0"
"2022","Canadian Forces Military Police","","Rate per 100,000 population","Rate per 100,000 population","265","units","0","v1411953028","52.2","","..","","","2"
"2023","Total police-reported cybercrime","","Number of cybercrime incidents","Number","223","units","0","v116321076","1.1","98252","","","","0"
"2023","Total police-reported cybercrime","","Rate per 100,000 population","Rate per 100,000 population","265","units","0","v116321077","1.2","246.4","","","","1"
"2023","Total Non-Census metropolitan area","","Number of cybercrime incidents","Number","223","units","0","v116321078","2.1","20898","","","","0"
"2023","Total Non-Census metropolitan area","","Rate per 100,000 population","Rate per 100,000 population","265","units","0","v116321079","2.2","206.4","","","","1"
"2023","Total Census metropolitan area","","Number of cybercrime incidents","Number","223","units","0","v116321080","3.1","77298","","","","0"
"2023","Total Census metropolitan area","","Rate per 100,000 population","Rate per 100,000 population","265","units","0","v116321081","3.2","259.8","","","","1"
"2023","Newfoundland and Labrador [10]","2021A000210","Number of cybercrime incidents","Number","223","units","0","v116321082","4.1","1376","","","","0"
"2023","Newfoundland and Labrador [10]","2021A000210","Rate per 100,000 population","Rate per 100,000 population","265","units","0","v116321083","4.2","255.3","","","","1"
"2023","St. John's, Newfoundland and Labrador [10001]","2021A003510001","Number of cybercrime incidents","Number","223","units","0","v116321084","5.1","256","","","","0"
"2023","St. John's, Newfoundland and Labrador [10001]","2021A003510001","Rate per 100,000 population","Rate per 100,000 population","265","units","0","v116321085","5.2","113.9","","","","1"
"2023","Prince Edward Island [11]","2021A000211","Number of cybercrime incidents","Number","223","units","0","v116321086","6.1","399","","","","0"
"2023","Prince Edward Island [11]","2021A000211","Rate per 100,000 population","Rate per 100,000 population","265","units","0","v116321087","6.2","230.1","","","","1"
"2023","Nova Scotia [12]","2021A000212","Number of cybercrime incidents","Number","223","units","0","v116321088","7.1","3606","","","","0"
"2023","Nova Scotia [12]","2021A000212","Rate per 100,000 population","Rate per 100,000 population","265","units","0","v116321089","7.2","342.4","","","","1"
"2023","Halifax, Nova Scotia [12205]","2021A003512205","Number of cybercrime incidents","Number","223","units","0","v116321090","8.1","2113","","","","0"
"2023","Halifax, Nova Scotia [12205]","2021A003512205","Rate per 100,000 population","Rate per 100,000 population","265","units","0","v116321091","8.2","409.7","","","","1"
"2023","New Brunswick [13]","2021A000213","Number of cybercrime incidents","Number","223","units","0","v116321092","9.1","2531","","","","0"
"2023","New Brunswick [13]","2021A000213","Rate per 100,000 population","Rate per 100,000 population","265","units","0","v116321093","9.2","334.7","","","","1"
"2023","Moncton, New Brunswick [13305]","2021A003513305","Number of cybercrime incidents","Number","223","units","0","v116321094","10.1","578","","","","0"
"2023","Moncton, New Brunswick [13305]","2021A003513305","Rate per 100,000 population","Rate per 100,000 population","265","units","0","v116321095","10.2","309.4","","","","1"
"2023","Saint John, New Brunswick [13310]","2021A003513310","Number of cybercrime incidents","Number","223","units","0","v116321096","11.1","138","","","","0"
"2023","Saint John, New Brunswick [13310]","2021A003513310","Rate per 100,000 population","Rate per 100,000 population","265","units","0","v116321097","11.2","218.3","","","","1"
"2023","Fredericton, New Brunswick [13320]","2021A003513320","Number of cybercrime incidents","Number","223","units","0","v1593158550","53.1","270","","","","0"
"2023","Fredericton, New Brunswick [13320]","2021A003513320","Rate per 100,000 population","Rate per 100,000 population","265","units","0","v1593158551","53.2","217.4","","","","1"
"2023","Quebec [24]","2021A000224","Number of cybercrime incidents","Number","223","units","0","v116321098","12.1","10430","","","","0"
"2023","Quebec [24]","2021A000224","Rate per 100,000 population","Rate per 100,000 population","265","units","0","v116321099","12.2","119.1","","","","1"
"2023","Saguenay, Quebec [24408]","2021A003524408","Number of cybercrime incidents","Number","223","units","0","v116321106","16.1","80","","","","0"
"2023","Saguenay, Quebec [24408]","2021A003524408","Rate per 100,000 population","Rate per 100,000 population","265","units","0","v116321107","16.2","46.2","","","","1"
"2023","Québec, Quebec [24421]","2021A003524421","Number of cybercrime incidents","Number","223","units","0","v116321104","15.1","1012","","","","0"
"2023","Québec, Quebec [24421]","2021A003524421","Rate per 100,000 population","Rate per 100,000 population","265","units","0","v116321105","15.2","117.9","","","","1"
"2023","Sherbrooke, Quebec [24433]","2021A003524433","Number of cybercrime incidents","Number","223","units","0","v116321108","17.1","364","","","","0"
"2023","Sherbrooke, Quebec [24433]","2021A003524433","Rate per 100,000 population","Rate per 100,000 population","265","units","0","v116321109","17.2","165.6","","","","1"
"2023","Trois-Rivières, Quebec [24442]","2021A003524442","Number of cybercrime incidents","Number","223","units","0","v116321110","18.1","353","","","","0"
"2023","Trois-Rivières, Quebec [24442]","2021A003524442","Rate per 100,000 population","Rate per 100,000 population","265","units","0","v116321111","18.2","212.1","","","","1"
"2023","Drummondville, Quebec [24447]","2021A003524447","Number of cybercrime incidents","Number","223","units","0","v1593158552","54.1","276","","","","0"
"2023","Drummondville, Quebec [24447]","2021A003524447","Rate per 100,000 population","Rate per 100,000 population","265","units","0","v1593158553","54.2","245.5","","","","1"
"2023","Montréal, Quebec [24462]","2021A003524462","Number of cybercrime incidents","Number","223","units","0","v116321102","14.1","4589","","","","0"
"2023","Montréal, Quebec [24462]","2021A003524462","Rate per 100,000 population","Rate per 100,000 population","265","units","0","v116321103","14.2","102.0","","","","1"
"2023","Ottawa-Gatineau, Quebec part [24505]","2021A003524505","Number of cybercrime incidents","Number","223","units","0","v116321100","13.1","1143","","","","0"
"2023","Ottawa-Gatineau, Quebec part [24505]","2021A003524505","Rate per 100,000 population","Rate per 100,000 population","265","units","0","v116321101","13.2","322.2","","","","1"
"2023","Ontario [35]","2021A000235","Number of cybercrime incidents","Number","223","units","0","v116321112","19.1","34579","","","","0"
"2023","Ontario [35]","2021A000235","Rate per 100,000 population","Rate per 100,000 population","265","units","0","v116321113","19.2","221.5","","","","1"
"2023","Ottawa-Gatineau, Ontario part [35505]","2021A003535505","Number of cybercrime incidents","Number","223","units","0","v116321130","28.1","3474","","","","0"
"2023","Ottawa-Gatineau, Ontario part [35505]","2021A003535505","Rate per 100,000 population","Rate per 100,000 population","265","units","0","v116321131","28.2","279.6","","","","1"
"2023","Kingston, Ontario [35521]","2021A003535521","Number of cybercrime incidents","Number","223","units","0","v116321124","25.1","413","","","","0"
"2023","Kingston, Ontario [35521]","2021A003535521","Rate per 100,000 population","Rate per 100,000 population","265","units","0","v116321125","25.2","222.1","","","","1"
"2023","Belleville-Quinte West, Ontario [35522]","2021A003535522","Number of cybercrime incidents","Number","223","units","0","v1066363730","50.1","139","","","","0"
"2023","Belleville-Quinte West, Ontario [35522]","2021A003535522","Rate per 100,000 population","Rate per 100,000 population","265","units","0","v1066363731","50.2","114.2","","","","1"
"2023","Peterborough, Ontario [35529]","2021A003535529","Number of cybercrime incidents","Number","223","units","0","v116321132","29.1","354","","","","0"
"2023","Peterborough, Ontario [35529]","2021A003535529","Rate per 100,000 population","Rate per 100,000 population","265","units","0","v116321133","29.2","254.0","","","","1"
"2023","Toronto, Ontario [35535]","2021A003535535","Number of cybercrime incidents","Number","223","units","0","v116321138","32.1","11783","","","","0"
"2023","Toronto, Ontario [35535]","2021A003535535","Rate per 100,000 population","Rate per 100,000 population","265","units","0","v116321139","32.2","193.1","","","","1"
"2023","Hamilton, Ontario [35537]","2021A003535537","Number of cybercrime incidents","Number","223","units","0","v116321122","24.1","1106","","","","0"
"2023","Hamilton, Ontario [35537]","2021A003535537","Rate per 100,000 population","Rate per 100,000 population","265","units","0","v116321123","24.2","179.4","","","","1"
"2023","St. Catharines-Niagara, Ontario [35539]","2021A003535539","Number of cybercrime incidents","Number","223","units","0","v116321134","30.1","2637","","","","0"
"2023","St. Catharines-Niagara, Ontario [35539]","2021A003535539","Rate per 100,000 population","Rate per 100,000 population","265","units","0","v116321135","30.2","502.7","","","","1"
"2023","Kitchener-Cambridge-Waterloo, Ontario [35541]","2021A003535541","Number of cybercrime incidents","Number","223","units","0","v116321126","26.1","4428","","","","0"
"2023","Kitchener-Cambridge-Waterloo, Ontario [35541]","2021A003535541","Rate per 100,000 population","Rate per 100,000 population","265","units","0","v116321127","26.2","655.6","","","","1"
"2023","Brantford, Ontario [35543]","2021A003535543","Number of cybercrime incidents","Number","223","units","0","v116321116","21.1","675","","","","0"
"2023","Brantford, Ontario [35543]","2021A003535543","Rate per 100,000 population","Rate per 100,000 population","265","units","0","v116321117","21.2","420.7","","","","1"
"2023","Guelph, Ontario [35550]","2021A003535550","Number of cybercrime incidents","Number","223","units","0","v116321120","23.1","371","","","","0"
"2023","Guelph, Ontario [35550]","2021A003535550","Rate per 100,000 population","Rate per 100,000 population","265","units","0","v116321121","23.2","237.2","","","","1"
"2023","London, Ontario [35555]","2021A003535555","Number of cybercrime incidents","Number","223","units","0","v116321128","27.1","1564","","","","0"
"2023","London, Ontario [35555]","2021A003535555","Rate per 100,000 population","Rate per 100,000 population","265","units","0","v116321129","27.2","256.6","","","","1"
"2023","Windsor, Ontario [35559]","2021A003535559","Number of cybercrime incidents","Number","223","units","0","v116321140","33.1","1008","","","","0"
"2023","Windsor, Ontario [35559]","2021A003535559","Rate per 100,000 population","Rate per 100,000 population","265","units","0","v116321141","33.2","214.5","","","","1"
"2023","Barrie, Ontario [35568]","2021A003535568","Number of cybercrime incidents","Number","223","units","0","v116321114","20.1","605","","","","0"
"2023","Barrie, Ontario [35568]","2021A003535568","Rate per 100,000 population","Rate per 100,000 population","265","units","0","v116321115","20.2","213.4","","","","1"
"2023","Greater Sudbury, Ontario [35580]","2021A003535580","Number of cybercrime incidents","Number","223","units","0","v116321118","22.1","785","","","","0"
"2023","Greater Sudbury, Ontario [35580]","2021A003535580","Rate per 100,000 population","Rate per 100,000 population","265","units","0","v116321119","22.2","415.2","","","","1"
"2023","Thunder Bay, Ontario [35595]","2021A003535595","Number of cybercrime incidents","Number","223","units","0","v116321136","31.1","451","","","","0"
"2023","Thunder Bay, Ontario [35595]","2021A003535595","Rate per 100,000 population","Rate per 100,000 population","265","units","0","v116321137","31.2","348.0","","","","1"
"2023","Manitoba [46]","2021A000246","Number of cybercrime incidents","Number","223","units","0","v116321142","34.1","2634","","","","0"
"2023","Manitoba [46]","2021A000246","Rate per 100,000 population","Rate per 100,000 population","265","units","0","v116321143","34.2","182.5","","","","1"
"2023","Winnipeg, Manitoba [46602]","2021A003546602","Number of cybercrime incidents","Number","223","units","0","v116321144","35.1","1851","","","","0"
"2023","Winnipeg, Manitoba [46602]","2021A003546602","Rate per 100,000 population","Rate per 100,000 population","265","units","0","v116321145","35.2","209.1","","","","1"
"2023","Saskatchewan [47]","2021A000247","Number of cybercrime incidents","Number","223","units","0","v116321146","36.1","2640","","","","0"
"2023","Saskatchewan [47]","2021A000247","Rate per 100,000 population","Rate per 100,000 population","265","units","0","v116321147","36.2","220.6","","","","1"
"2023","Regina, Saskatchewan [47705]","2021A003547705","Number of cybercrime incidents","Number","223","units","0","v116321148","37.1","342","","","","0"
"2023","Regina, Saskatchewan [47705]","2021A003547705","Rate per 100,000 population","Rate per 100,000 population","265","units","0","v116321149","37.2","126.0","","","","1"
"2023","Saskatoon, Saskatchewan [47725]","2021A003547725","Number of cybercrime incidents","Number","223","units","0","v116321150","38.1","1199","","","","0"
"2023","Saskatoon, Saskatchewan [47725]","2021A003547725","Rate per 100,000 population","Rate per 100,000 population","265","units","0","v116321151","38.2","336.3","","","","1"
"2023","Alberta [48]","2021A000248","Number of cybercrime incidents","Number","223","units","0","v116321152","39.1","12457","","","","0"
"2023","Alberta [48]","2021A000248","Rate per 100,000 population","Rate per 100,000 population","265","units","0","v116321153","39.2","265.0","","","","1"
"2023","Lethbridge, Alberta [48810]","2021A003548810","Number of cybercrime incidents","Number","223","units","0","v1066363732","51.1","737","","","","0"
"2023","Lethbridge, Alberta [48810]","2021A003548810","Rate per 100,000 population","Rate per 100,000 population","265","units","0","v1066363733","51.2","550.0","","","","1"
"2023","Calgary, Alberta [48825]","2021A003548825","Number of cybercrime incidents","Number","223","units","0","v116321154","40.1","3593","","","","0"
"2023","Calgary, Alberta [48825]","2021A003548825","Rate per 100,000 population","Rate per 100,000 population","265","units","0","v116321155","40.2","213.6","","","","1"
"2023","Red Deer, Alberta [48830]","2021A003548830","Number of cybercrime incidents","Number","223","units","0","v1593158554","55.1","419","","","","0"
"2023","Red Deer, Alberta [48830]","2021A003548830","Rate per 100,000 population","Rate per 100,000 population","265","units","0","v1593158555","55.2","384.7","","","","1"
"2023","Edmonton, Alberta [48835]","2021A003548835","Number of cybercrime incidents","Number","223","units","0","v116321156","41.1","6184","","","","0"
"2023","Edmonton, Alberta [48835]","2021A003548835","Rate per 100,000 population","Rate per 100,000 population","265","units","0","v116321157","41.2","394.6","","","","1"
"2023","British Columbia [59]","2021A000259","Number of cybercrime incidents","Number","223","units","0","v116321158","42.1","27343","","","","0"
"2023","British Columbia [59]","2021A000259","Rate per 100,000 population","Rate per 100,000 population","265","units","0","v116321159","42.2","495.8","","","","1"
"2023","Kelowna, British Columbia [59915]","2021A003559915","Number of cybercrime incidents","Number","223","units","0","v116321162","44.1","1197","","","","0"
"2023","Kelowna, British Columbia [59915]","2021A003559915","Rate per 100,000 population","Rate per 100,000 population","265","units","0","v116321163","44.2","489.4","","","","1"
"2023","Kamloops, British Columbia [59925]","2021A003559925","Number of cybercrime incidents","Number","223","units","0","v1593158556","56.1","641","","","","0"
"2023","Kamloops, British Columbia [59925]","2021A003559925","Rate per 100,000 population","Rate per 100,000 population","265","units","0","v1593158557","56.2","524.6","","","","1"
"2023","Chilliwack, British Columbia [59930]","2021A003559930","Number of cybercrime incidents","Number","223","units","0","v1593158558","57.1","1009","","","","0"
"2023","Chilliwack, British Columbia [59930]","2021A003559930","Rate per 100,000 population","Rate per 100,000 population","265","units","0","v1593158559","57.2","810.2","","","","1"
"2023","Abbotsford-Mission, British Columbia [59932]","2021A003559932","Number of cybercrime incidents","Number","223","units","0","v116321160","43.1","1819","","","","0"
"2023","Abbotsford-Mission, British Columbia [59932]","2021A003559932","Rate per 100,000 population","Rate per 100,000 population","265","units","0","v116321161","43.2","852.0","","","","1"
"2023","Vancouver, British Columbia [59933]","2021A003559933","Number of cybercrime incidents","Number","223","units","0","v116321164","45.1","13157","","","","0"
"2023","Vancouver, British Columbia [59933]","2021A003559933","Rate per 100,000 population","Rate per 100,000 population","265","units","0","v116321165","45.2","442.9","","","","1"
"2023","Victoria, British Columbia [59935]","2021A003559935","Number of cybercrime incidents","Number","223","units","0","v116321166","46.1","2570","","","","0"
"2023","Victoria, British Columbia [59935]","2021A003559935","Rate per 100,000 population","Rate per 100,000 population","265","units","0","v116321167","46.2","593.7","","","","1"
"2023","Nanaimo, British Columbia [59938]","2021A003559938","Number of cybercrime incidents","Number","223","units","0","v1593158560","58.1","478","","","","0"
"2023","Nanaimo, British Columbia [59938]","2021A003559938","Rate per 100,000 population","Rate per 100,000 population","265","units","0","v1593158561","58.2","382.7","","","","1"
"2023","Yukon [60]","2021A000260","Number of cybercrime incidents","Number","223","units","0","v116321168","47.1","92","","","","0"
"2023","Yukon [60]","2021A000260","Rate per 100,000 population","Rate per 100,000 population","265","units","0","v116321169","47.2","202.8","","","","1"
"2023","Northwest Territories [61]","2021A000261","Number of cybercrime incidents","Number","223","units","0","v116321170","48.1","74","","","","0"
"2023","Northwest Territories [61]","2021A000261","Rate per 100,000 population","Rate per 100,000 population","265","units","0","v116321171","48.2","167.3","","","","1"
"2023","Nunavut [62]","2021A000262","Number of cybercrime incidents","Number","223","units","0","v116321172","49.1","35","","","","0"
"2023","Nunavut [62]","2021A000262","Rate per 100,000 population","Rate per 100,000 population","265","units","0","v116321173","49.2","85.5","","","","1"
"2023","Canadian Forces Military Police","","Number of cybercrime incidents","Number","223","units","0","v1411953027","52.1","56","","","","0"
"2023","Canadian Forces Military Police","","Rate per 100,000 population","Rate per 100,000 population","265","units","0","v1411953028","52.2","","..","","","2"
"2024","Total police-reported cybercrime","","Number of cybercrime incidents","Number","223","units","0","v116321076","1.1","96143","","","","0"
"2024","Total police-reported cybercrime","","Rate per 100,000 population","Rate per 100,000 population","265","units","0","v116321077","1.2","233.9","","","","1"
"2024","Total Non-Census metropolitan area","","Number of cybercrime incidents","Number","223","units","0","v116321078","2.1","19777","","","","0"
"2024","Total Non-Census metropolitan area","","Rate per 100,000 population","Rate per 100,000 population","265","units","0","v116321079","2.2","192.5","","","","1"
"2024","Total Census metropolitan area","","Number of cybercrime incidents","Number","223","units","0","v116321080","3.1","76299","","","","0"
"2024","Total Census metropolitan area","","Rate per 100,000 population","Rate per 100,000 population","265","units","0","v116321081","3.2","247.5","","","","1"
"2024","Newfoundland and Labrador [10]","2021A000210","Number of cybercrime incidents","Number","223","units","0","v116321082","4.1","1348","","","","0"
"2024","Newfoundland and Labrador [10]","2021A000210","Rate per 100,000 population","Rate per 100,000 population","265","units","0","v116321083","4.2","246.4","","","","1"
"2024","St. John's, Newfoundland and Labrador [10001]","2021A003510001","Number of cybercrime incidents","Number","223","units","0","v116321084","5.1","227","","","","0"
"2024","St. John's, Newfoundland and Labrador [10001]","2021A003510001","Rate per 100,000 population","Rate per 100,000 population","265","units","0","v116321085","5.2","98.0","","","","1"
"2024","Prince Edward Island [11]","2021A000211","Number of cybercrime incidents","Number","223","units","0","v116321086","6.1","460","","","","0"
"2024","Prince Edward Island [11]","2021A000211","Rate per 100,000 population","Rate per 100,000 population","265","units","0","v116321087","6.2","256.5","","","","1"
"2024","Nova Scotia [12]","2021A000212","Number of cybercrime incidents","Number","223","units","0","v116321088","7.1","3410","","","","0"
"2024","Nova Scotia [12]","2021A000212","Rate per 100,000 population","Rate per 100,000 population","265","units","0","v116321089","7.2","314.9","","","","1"
"2024","Halifax, Nova Scotia [12205]","2021A003512205","Number of cybercrime incidents","Number","223","units","0","v116321090","8.1","2117","","","","0"
"2024","Halifax, Nova Scotia [12205]","2021A003512205","Rate per 100,000 population","Rate per 100,000 population","265","units","0","v116321091","8.2","394.3","","","","1"
"2024","New Brunswick [13]","2021A000213","Number of cybercrime incidents","Number","223","units","0","v116321092","9.1","2637","","","","0"
"2024","New Brunswick [13]","2021A000213","Rate per 100,000 population","Rate per 100,000 population","265","units","0","v116321093","9.2","337.9","","","","1"
"2024","Moncton, New Brunswick [13305]","2021A003513305","Number of cybercrime incidents","Number","223","units","0","v116321094","10.1","689","","","","0"
"2024","Moncton, New Brunswick [13305]","2021A003513305","Rate per 100,000 population","Rate per 100,000 population","265","units","0","v116321095","10.2","347.6","","","","1"
"2024","Saint John, New Brunswick [13310]","2021A003513310","Number of cybercrime incidents","Number","223","units","0","v116321096","11.1","150","","","","0"
"2024","Saint John, New Brunswick [13310]","2021A003513310","Rate per 100,000 population","Rate per 100,000 population","265","units","0","v116321097","11.2","235.7","","","","1"
"2024","Fredericton, New Brunswick [13320]","2021A003513320","Number of cybercrime incidents","Number","223","units","0","v1593158550","53.1","274","","","","0"
"2024","Fredericton, New Brunswick [13320]","2021A003513320","Rate per 100,000 population","Rate per 100,000 population","265","units","0","v1593158551","53.2","207.7","","","","1"
"2024","Quebec [24]","2021A000224","Number of cybercrime incidents","Number","223","units","0","v116321098","12.1","11902","","","","0"
"2024","Quebec [24]","2021A000224","Rate per 100,000 population","Rate per 100,000 population","265","units","0","v116321099","12.2","133.2","","","","1"
"2024","Saguenay, Quebec [24408]","2021A003524408","Number of cybercrime incidents","Number","223","units","0","v116321106","16.1","85","","","","0"
"2024","Saguenay, Quebec [24408]","2021A003524408","Rate per 100,000 population","Rate per 100,000 population","265","units","0","v116321107","16.2","48.3","","","","1"
"2024","Québec, Quebec [24421]","2021A003524421","Number of cybercrime incidents","Number","223","units","0","v116321104","15.1","895","","","","0"
"2024","Québec, Quebec [24421]","2021A003524421","Rate per 100,000 population","Rate per 100,000 population","265","units","0","v116321105","15.2","102.0","","","","1"
"2024","Sherbrooke, Quebec [24433]","2021A003524433","Number of cybercrime incidents","Number","223","units","0","v116321108","17.1","392","","","","0"
"2024","Sherbrooke, Quebec [24433]","2021A003524433","Rate per 100,000 population","Rate per 100,000 population","265","units","0","v116321109","17.2","175.1","","","","1"
"2024","Trois-Rivières, Quebec [24442]","2021A003524442","Number of cybercrime incidents","Number","223","units","0","v116321110","18.1","351","","","","0"
"2024","Trois-Rivières, Quebec [24442]","2021A003524442","Rate per 100,000 population","Rate per 100,000 population","265","units","0","v116321111","18.2","205.9","","","","1"
"2024","Drummondville, Quebec [24447]","2021A003524447","Number of cybercrime incidents","Number","223","units","0","v1593158552","54.1","219","","","","0"
"2024","Drummondville, Quebec [24447]","2021A003524447","Rate per 100,000 population","Rate per 100,000 population","265","units","0","v1593158553","54.2","191.5","","","","1"
"2024","Montréal, Quebec [24462]","2021A003524462","Number of cybercrime incidents","Number","223","units","0","v116321102","14.1","6051","","","","0"
"2024","Montréal, Quebec [24462]","2021A003524462","Rate per 100,000 population","Rate per 100,000 population","265","units","0","v116321103","14.2","131.3","","","","1"
"2024","Ottawa-Gatineau, Quebec part [24505]","2021A003524505","Number of cybercrime incidents","Number","223","units","0","v116321100","13.1","1033","","","","0"
"2024","Ottawa-Gatineau, Quebec part [24505]","2021A003524505","Rate per 100,000 population","Rate per 100,000 population","265","units","0","v116321101","13.2","285.8","","","","1"
"2024","Ontario [35]","2021A000235","Number of cybercrime incidents","Number","223","units","0","v116321112","19.1","32083","","","","0"
"2024","Ontario [35]","2021A000235","Rate per 100,000 population","Rate per 100,000 population","265","units","0","v116321113","19.2","199.0","","","","1"
"2024","Ottawa-Gatineau, Ontario part [35505]","2021A003535505","Number of cybercrime incidents","Number","223","units","0","v116321130","28.1","3383","","","","0"
"2024","Ottawa-Gatineau, Ontario part [35505]","2021A003535505","Rate per 100,000 population","Rate per 100,000 population","265","units","0","v116321131","28.2","262.9","","","","1"
"2024","Kingston, Ontario [35521]","2021A003535521","Number of cybercrime incidents","Number","223","units","0","v116321124","25.1","346","","","","0"
"2024","Kingston, Ontario [35521]","2021A003535521","Rate per 100,000 population","Rate per 100,000 population","265","units","0","v116321125","25.2","182.3","","","","1"
"2024","Belleville-Quinte West, Ontario [35522]","2021A003535522","Number of cybercrime incidents","Number","223","units","0","v1066363730","50.1","141","","","","0"
"2024","Belleville-Quinte West, Ontario [35522]","2021A003535522","Rate per 100,000 population","Rate per 100,000 population","265","units","0","v1066363731","50.2","113.8","","","","1"
"2024","Peterborough, Ontario [35529]","2021A003535529","Number of cybercrime incidents","Number","223","units","0","v116321132","29.1","383","","","","0"
"2024","Peterborough, Ontario [35529]","2021A003535529","Rate per 100,000 population","Rate per 100,000 population","265","units","0","v116321133","29.2","262.8","","","","1"
"2024","Toronto, Ontario [35535]","2021A003535535","Number of cybercrime incidents","Number","223","units","0","v116321138","32.1","9271","","","","0"
"2024","Toronto, Ontario [35535]","2021A003535535","Rate per 100,000 population","Rate per 100,000 population","265","units","0","v116321139","32.2","146.1","","","","1"
"2024","Hamilton, Ontario [35537]","2021A003535537","Number of cybercrime incidents","Number","223","units","0","v116321122","24.1","900","","","","0"
"2024","Hamilton, Ontario [35537]","2021A003535537","Rate per 100,000 population","Rate per 100,000 population","265","units","0","v116321123","24.2","142.1","","","","1"
"2024","St. Catharines-Niagara, Ontario [35539]","2021A003535539","Number of cybercrime incidents","Number","223","units","0","v116321134","30.1","2748","","","","0"
"2024","St. Catharines-Niagara, Ontario [35539]","2021A003535539","Rate per 100,000 population","Rate per 100,000 population","265","units","0","v116321135","30.2","508.3","","","","1"
"2024","Kitchener-Cambridge-Waterloo, Ontario [35541]","2021A003535541","Number of cybercrime incidents","Number","223","units","0","v116321126","26.1","4849","","","","0"
"2024","Kitchener-Cambridge-Waterloo, Ontario [35541]","2021A003535541","Rate per 100,000 population","Rate per 100,000 population","265","units","0","v116321127","26.2","683.0","","","","1"
"2024","Brantford, Ontario [35543]","2021A003535543","Number of cybercrime incidents","Number","223","units","0","v116321116","21.1","502","","","","0"
"2024","Brantford, Ontario [35543]","2021A003535543","Rate per 100,000 population","Rate per 100,000 population","265","units","0","v116321117","21.2","301.9","","","","1"
"2024","Guelph, Ontario [35550]","2021A003535550","Number of cybercrime incidents","Number","223","units","0","v116321120","23.1","664","","","","0"
"2024","Guelph, Ontario [35550]","2021A003535550","Rate per 100,000 population","Rate per 100,000 population","265","units","0","v116321121","23.2","416.6","","","","1"
"2024","London, Ontario [35555]","2021A003535555","Number of cybercrime incidents","Number","223","units","0","v116321128","27.1","1335","","","","0"
"2024","London, Ontario [35555]","2021A003535555","Rate per 100,000 population","Rate per 100,000 population","265","units","0","v116321129","27.2","212.5","","","","1"
"2024","Windsor, Ontario [35559]","2021A003535559","Number of cybercrime incidents","Number","223","units","0","v116321140","33.1","1215","","","","0"
"2024","Windsor, Ontario [35559]","2021A003535559","Rate per 100,000 population","Rate per 100,000 population","265","units","0","v116321141","33.2","250.6","","","","1"
"2024","Barrie, Ontario [35568]","2021A003535568","Number of cybercrime incidents","Number","223","units","0","v116321114","20.1","463","","","","0"
"2024","Barrie, Ontario [35568]","2021A003535568","Rate per 100,000 population","Rate per 100,000 population","265","units","0","v116321115","20.2","158.0","","","","1"
"2024","Greater Sudbury, Ontario [35580]","2021A003535580","Number of cybercrime incidents","Number","223","units","0","v116321118","22.1","767","","","","0"
"2024","Greater Sudbury, Ontario [35580]","2021A003535580","Rate per 100,000 population","Rate per 100,000 population","265","units","0","v116321119","22.2","390.7","","","","1"
"2024","Thunder Bay, Ontario [35595]","2021A003535595","Number of cybercrime incidents","Number","223","units","0","v116321136","31.1","414","","","","0"
"2024","Thunder Bay, Ontario [35595]","2021A003535595","Rate per 100,000 population","Rate per 100,000 population","265","units","0","v116321137","31.2","314.6","","","","1"
"2024","Manitoba [46]","2021A000246","Number of cybercrime incidents","Number","223","units","0","v116321142","34.1","2871","","","","0"
"2024","Manitoba [46]","2021A000246","Rate per 100,000 population","Rate per 100,000 population","265","units","0","v116321143","34.2","192.9","","","","1"
"2024","Winnipeg, Manitoba [46602]","2021A003546602","Number of cybercrime incidents","Number","223","units","0","v116321144","35.1","1954","","","","0"
"2024","Winnipeg, Manitoba [46602]","2021A003546602","Rate per 100,000 population","Rate per 100,000 population","265","units","0","v116321145","35.2","212.1","","","","1"
"2024","Saskatchewan [47]","2021A000247","Number of cybercrime incidents","Number","223","units","0","v116321146","36.1","2604","","","","0"
"2024","Saskatchewan [47]","2021A000247","Rate per 100,000 population","Rate per 100,000 population","265","units","0","v116321147","36.2","211.0","","","","1"
"2024","Regina, Saskatchewan [47705]","2021A003547705","Number of cybercrime incidents","Number","223","units","0","v116321148","37.1","367","","","","0"
"2024","Regina, Saskatchewan [47705]","2021A003547705","Rate per 100,000 population","Rate per 100,000 population","265","units","0","v116321149","37.2","129.2","","","","1"
"2024","Saskatoon, Saskatchewan [47725]","2021A003547725","Number of cybercrime incidents","Number","223","units","0","v116321150","38.1","1239","","","","0"
"2024","Saskatoon, Saskatchewan [47725]","2021A003547725","Rate per 100,000 population","Rate per 100,000 population","265","units","0","v116321151","38.2","332.3","","","","1"
"2024","Alberta [48]","2021A000248","Number of cybercrime incidents","Number","223","units","0","v116321152","39.1","14117","","","","0"
"2024","Alberta [48]","2021A000248","Rate per 100,000 population","Rate per 100,000 population","265","units","0","v116321153","39.2","286.8","","","","1"
"2024","Lethbridge, Alberta [48810]","2021A003548810","Number of cybercrime incidents","Number","223","units","0","v1066363732","51.1","792","","","","0"
"2024","Lethbridge, Alberta [48810]","2021A003548810","Rate per 100,000 population","Rate per 100,000 population","265","units","0","v1066363733","51.2","568.9","","","","1"
"2024","Calgary, Alberta [48825]","2021A003548825","Number of cybercrime incidents","Number","223","units","0","v116321154","40.1","4191","","","","0"
"2024","Calgary, Alberta [48825]","2021A003548825","Rate per 100,000 population","Rate per 100,000 population","265","units","0","v116321155","40.2","234.7","","","","1"
"2024","Red Deer, Alberta [48830]","2021A003548830","Number of cybercrime incidents","Number","223","units","0","v1593158554","55.1","449","","","","0"
"2024","Red Deer, Alberta [48830]","2021A003548830","Rate per 100,000 population","Rate per 100,000 population","265","units","0","v1593158555","55.2","396.8","","","","1"
"2024","Edmonton, Alberta [48835]","2021A003548835","Number of cybercrime incidents","Number","223","units","0","v116321156","41.1","6709","","","","0"
"2024","Edmonton, Alberta [48835]","2021A003548835","Rate per 100,000 population","Rate per 100,000 population","265","units","0","v116321157","41.2","407.1","","","","1"
"2024","British Columbia [59]","2021A000259","Number of cybercrime incidents","Number","223","units","0","v116321158","42.1","24378","","","","0"
"2024","British Columbia [59]","2021A000259","Rate per 100,000 population","Rate per 100,000 population","265","units","0","v116321159","42.2","429.9","","","","1"
"2024","Kelowna, British Columbia [59915]","2021A003559915","Number of cybercrime incidents","Number","223","units","0","v116321162","44.1","956","","","","0"
"2024","Kelowna, British Columbia [59915]","2021A003559915","Rate per 100,000 population","Rate per 100,000 population","265","units","0","v116321163","44.2","382.2","","","","1"
"2024","Kamloops, British Columbia [59925]","2021A003559925","Number of cybercrime incidents","Number","223","units","0","v1593158556","56.1","514","","","","0"
"2024","Kamloops, British Columbia [59925]","2021A003559925","Rate per 100,000 population","Rate per 100,000 population","265","units","0","v1593158557","56.2","414.6","","","","1"
"2024","Chilliwack, British Columbia [59930]","2021A003559930","Number of cybercrime incidents","Number","223","units","0","v1593158558","57.1","987","","","","0"
"2024","Chilliwack, British Columbia [59930]","2021A003559930","Rate per 100,000 population","Rate per 100,000 population","265","units","0","v1593158559","57.2","764.5","","","","1"
"2024","Abbotsford-Mission, British Columbia [59932]","2021A003559932","Number of cybercrime incidents","Number","223","units","0","v116321160","43.1","2059","","","","0"
"2024","Abbotsford-Mission, British Columbia [59932]","2021A003559932","Rate per 100,000 population","Rate per 100,000 population","265","units","0","v116321161","43.2","940.1","","","","1"
"2024","Vancouver, British Columbia [59933]","2021A003559933","Number of cybercrime incidents","Number","223","units","0","v116321164","45.1","12618","","","","0"
"2024","Vancouver, British Columbia [59933]","2021A003559933","Rate per 100,000 population","Rate per 100,000 population","265","units","0","v116321165","45.2","409.3","","","","1"
"2024","Victoria, British Columbia [59935]","2021A003559935","Number of cybercrime incidents","Number","223","units","0","v116321166","46.1","2119","","","","0"
"2024","Victoria, British Columbia [59935]","2021A003559935","Rate per 100,000 population","Rate per 100,000 population","265","units","0","v116321167","46.2","479.5","","","","1"
"2024","Nanaimo, British Columbia [59938]","2021A003559938","Number of cybercrime incidents","Number","223","units","0","v1593158560","58.1","454","","","","0"
"2024","Nanaimo, British Columbia [59938]","2021A003559938","Rate per 100,000 population","Rate per 100,000 population","265","units","0","v1593158561","58.2","356.2","","","","1"
"2024","Yukon [60]","2021A000260","Number of cybercrime incidents","Number","223","units","0","v116321168","47.1","106","","","","0"
"2024","Yukon [60]","2021A000260","Rate per 100,000 population","Rate per 100,000 population","265","units","0","v116321169","47.2","225.7","","","","1"
"2024","Northwest Territories [61]","2021A000261","Number of cybercrime incidents","Number","223","units","0","v116321170","48.1","116","","","","0"
"2024","Northwest Territories [61]","2021A000261","Rate per 100,000 population","Rate per 100,000 population","265","units","0","v116321171","48.2","258.5","","","","1"
"2024","Nunavut [62]","2021A000262","Number of cybercrime incidents","Number","223","units","0","v116321172","49.1","44","","","","0"
"2024","Nunavut [62]","2021A000262","Rate per 100,000 population","Rate per 100,000 population","265","units","0","v116321173","49.2","106.3","","","","1"
"2024","Canadian Forces Military Police","","Number of cybercrime incidents","Number","223","units","0","v1411953027","52.1","67","","","","0"
"2024","Canadian Forces Military Police","","Rate per 100,000 population","Rate per 100,000 population","265","units","0","v1411953028","52.2","","..","","","2"
"2025","Total police-reported cybercrime","","Number of cybercrime incidents","Number","223","units","0","v116321076","1.1","90643","","","","0"
"2025","Total police-reported cybercrime","","Rate per 100,000 population","Rate per 100,000 population","265","units","0","v116321077","1.2","218.6","","","","1"
"2025","Total Non-Census metropolitan area","","Number of cybercrime incidents","Number","223","units","0","v116321078","2.1","19003","","","","0"
"2025","Total Non-Census metropolitan area","","Rate per 100,000 population","Rate per 100,000 population","265","units","0","v116321079","2.2","183.5","","","","1"
"2025","Total Census metropolitan area","","Number of cybercrime incidents","Number","223","units","0","v116321080","3.1","71640","","","","0"
"2025","Total Census metropolitan area","","Rate per 100,000 population","Rate per 100,000 population","265","units","0","v116321081","3.2","230.2","","","","1"
"2025","Newfoundland and Labrador [10]","2021A000210","Number of cybercrime incidents","Number","223","units","0","v116321082","4.1","1223","","","","0"
"2025","Newfoundland and Labrador [10]","2021A000210","Rate per 100,000 population","Rate per 100,000 population","265","units","0","v116321083","4.2","222.4","","","","1"
"2025","St. John's, Newfoundland and Labrador [10001]","2021A003510001","Number of cybercrime incidents","Number","223","units","0","v116321084","5.1","269","","","","0"
"2025","St. John's, Newfoundland and Labrador [10001]","2021A003510001","Rate per 100,000 population","Rate per 100,000 population","265","units","0","v116321085","5.2","114.7","","","","1"
"2025","Prince Edward Island [11]","2021A000211","Number of cybercrime incidents","Number","223","units","0","v116321086","6.1","394","","","","0"
"2025","Prince Edward Island [11]","2021A000211","Rate per 100,000 population","Rate per 100,000 population","265","units","0","v116321087","6.2","215.7","","","","1"
"2025","Nova Scotia [12]","2021A000212","Number of cybercrime incidents","Number","223","units","0","v116321088","7.1","2790","","","","0"
"2025","Nova Scotia [12]","2021A000212","Rate per 100,000 population","Rate per 100,000 population","265","units","0","v116321089","7.2","255.2","","","","1"
"2025","Halifax, Nova Scotia [12205]","2021A003512205","Number of cybercrime incidents","Number","223","units","0","v116321090","8.1","1646","","","","0"
"2025","Halifax, Nova Scotia [12205]","2021A003512205","Rate per 100,000 population","Rate per 100,000 population","265","units","0","v116321091","8.2","301.9","","","","1"
"2025","New Brunswick [13]","2021A000213","Number of cybercrime incidents","Number","223","units","0","v116321092","9.1","2880","","","","0"
"2025","New Brunswick [13]","2021A000213","Rate per 100,000 population","Rate per 100,000 population","265","units","0","v116321093","9.2","364.2","","","","1"
"2025","Moncton, New Brunswick [13305]","2021A003513305","Number of cybercrime incidents","Number","223","units","0","v116321094","10.1","829","","","","0"
"2025","Moncton, New Brunswick [13305]","2021A003513305","Rate per 100,000 population","Rate per 100,000 population","265","units","0","v116321095","10.2","407.0","","","","1"
"2025","Saint John, New Brunswick [13310]","2021A003513310","Number of cybercrime incidents","Number","223","units","0","v116321096","11.1","122","","","","0"
"2025","Saint John, New Brunswick [13310]","2021A003513310","Rate per 100,000 population","Rate per 100,000 population","265","units","0","v116321097","11.2","189.7","","","","1"
"2025","Fredericton, New Brunswick [13320]","2021A003513320","Number of cybercrime incidents","Number","223","units","0","v1593158550","53.1","282","","","","0"
"2025","Fredericton, New Brunswick [13320]","2021A003513320","Rate per 100,000 population","Rate per 100,000 population","265","units","0","v1593158551","53.2","207.2","","","","1"
"2025","Quebec [24]","2021A000224","Number of cybercrime incidents","Number","223","units","0","v116321098","12.1","11547","","","","0"
"2025","Quebec [24]","2021A000224","Rate per 100,000 population","Rate per 100,000 population","265","units","0","v116321099","12.2","128.4","","","","1"
"2025","Saguenay, Quebec [24408]","2021A003524408","Number of cybercrime incidents","Number","223","units","0","v116321106","16.1","122","","","","0"
"2025","Saguenay, Quebec [24408]","2021A003524408","Rate per 100,000 population","Rate per 100,000 population","265","units","0","v116321107","16.2","69.0","","","","1"
"2025","Québec, Quebec [24421]","2021A003524421","Number of cybercrime incidents","Number","223","units","0","v116321104","15.1","1046","","","","0"
"2025","Québec, Quebec [24421]","2021A003524421","Rate per 100,000 population","Rate per 100,000 population","265","units","0","v116321105","15.2","118.1","","","","1"
"2025","Sherbrooke, Quebec [24433]","2021A003524433","Number of cybercrime incidents","Number","223","units","0","v116321108","17.1","396","","","","0"
"2025","Sherbrooke, Quebec [24433]","2021A003524433","Rate per 100,000 population","Rate per 100,000 population","265","units","0","v116321109","17.2","175.6","","","","1"
"2025","Trois-Rivières, Quebec [24442]","2021A003524442","Number of cybercrime incidents","Number","223","units","0","v116321110","18.1","329","","","","0"
"2025","Trois-Rivières, Quebec [24442]","2021A003524442","Rate per 100,000 population","Rate per 100,000 population","265","units","0","v116321111","18.2","191.2","","","","1"
"2025","Drummondville, Quebec [24447]","2021A003524447","Number of cybercrime incidents","Number","223","units","0","v1593158552","54.1","260","","","","0"
"2025","Drummondville, Quebec [24447]","2021A003524447","Rate per 100,000 population","Rate per 100,000 population","265","units","0","v1593158553","54.2","224.7","","","","1"
"2025","Montréal, Quebec [24462]","2021A003524462","Number of cybercrime incidents","Number","223","units","0","v116321102","14.1","5525","","","","0"
"2025","Montréal, Quebec [24462]","2021A003524462","Rate per 100,000 population","Rate per 100,000 population","265","units","0","v116321103","14.2","119.2","","","","1"
"2025","Ottawa-Gatineau, Quebec part [24505]","2021A003524505","Number of cybercrime incidents","Number","223","units","0","v116321100","13.1","993","","","","0"
"2025","Ottawa-Gatineau, Quebec part [24505]","2021A003524505","Rate per 100,000 population","Rate per 100,000 population","265","units","0","v116321101","13.2","272.2","","","","1"
"2025","Ontario [35]","2021A000235","Number of cybercrime incidents","Number","223","units","0","v116321112","19.1","31893","","","","0"
"2025","Ontario [35]","2021A000235","Rate per 100,000 population","Rate per 100,000 population","265","units","0","v116321113","19.2","196.4","","","","1"
"2025","Ottawa-Gatineau, Ontario part [35505]","2021A003535505","Number of cybercrime incidents","Number","223","units","0","v116321130","28.1","2376","","","","0"
"2025","Ottawa-Gatineau, Ontario part [35505]","2021A003535505","Rate per 100,000 population","Rate per 100,000 population","265","units","0","v116321131","28.2","179.9","","","","1"
"2025","Kingston, Ontario [35521]","2021A003535521","Number of cybercrime incidents","Number","223","units","0","v116321124","25.1","326","","","","0"
"2025","Kingston, Ontario [35521]","2021A003535521","Rate per 100,000 population","Rate per 100,000 population","265","units","0","v116321125","25.2","170.8","","","","1"
"2025","Belleville-Quinte West, Ontario [35522]","2021A003535522","Number of cybercrime incidents","Number","223","units","0","v1066363730","50.1","142","","","","0"
"2025","Belleville-Quinte West, Ontario [35522]","2021A003535522","Rate per 100,000 population","Rate per 100,000 population","265","units","0","v1066363731","50.2","113.3","","","","1"
"2025","Peterborough, Ontario [35529]","2021A003535529","Number of cybercrime incidents","Number","223","units","0","v116321132","29.1","294","","","","0"
"2025","Peterborough, Ontario [35529]","2021A003535529","Rate per 100,000 population","Rate per 100,000 population","265","units","0","v116321133","29.2","200.2","","","","1"
"2025","Toronto, Ontario [35535]","2021A003535535","Number of cybercrime incidents","Number","223","units","0","v116321138","32.1","10280","","","","0"
"2025","Toronto, Ontario [35535]","2021A003535535","Rate per 100,000 population","Rate per 100,000 population","265","units","0","v116321139","32.2","162.4","","","","1"
"2025","Hamilton, Ontario [35537]","2021A003535537","Number of cybercrime incidents","Number","223","units","0","v116321122","24.1","1552","","","","0"
"2025","Hamilton, Ontario [35537]","2021A003535537","Rate per 100,000 population","Rate per 100,000 population","265","units","0","v116321123","24.2","242.3","","","","1"
"2025","St. Catharines-Niagara, Ontario [35539]","2021A003535539","Number of cybercrime incidents","Number","223","units","0","v116321134","30.1","2735","","","","0"
"2025","St. Catharines-Niagara, Ontario [35539]","2021A003535539","Rate per 100,000 population","Rate per 100,000 population","265","units","0","v116321135","30.2","496.3","","","","1"
"2025","Kitchener-Cambridge-Waterloo, Ontario [35541]","2021A003535541","Number of cybercrime incidents","Number","223","units","0","v116321126","26.1","4428","","","","0"
"2025","Kitchener-Cambridge-Waterloo, Ontario [35541]","2021A003535541","Rate per 100,000 population","Rate per 100,000 population","265","units","0","v116321127","26.2","622.4","","","","1"
"2025","Brantford, Ontario [35543]","2021A003535543","Number of cybercrime incidents","Number","223","units","0","v116321116","21.1","728","","","","0"
"2025","Brantford, Ontario [35543]","2021A003535543","Rate per 100,000 population","Rate per 100,000 population","265","units","0","v116321117","21.2","430.6","","","","1"
"2025","Guelph, Ontario [35550]","2021A003535550","Number of cybercrime incidents","Number","223","units","0","v116321120","23.1","612","","","","0"
"2025","Guelph, Ontario [35550]","2021A003535550","Rate per 100,000 population","Rate per 100,000 population","265","units","0","v116321121","23.2","380.7","","","","1"
"2025","London, Ontario [35555]","2021A003535555","Number of cybercrime incidents","Number","223","units","0","v116321128","27.1","1564","","","","0"
"2025","London, Ontario [35555]","2021A003535555","Rate per 100,000 population","Rate per 100,000 population","265","units","0","v116321129","27.2","246.6","","","","1"
"2025","Windsor, Ontario [35559]","2021A003535559","Number of cybercrime incidents","Number","223","units","0","v116321140","33.1","1375","","","","0"
"2025","Windsor, Ontario [35559]","2021A003535559","Rate per 100,000 population","Rate per 100,000 population","265","units","0","v116321141","33.2","281.2","","","","1"
"2025","Barrie, Ontario [35568]","2021A003535568","Number of cybercrime incidents","Number","223","units","0","v116321114","20.1","345","","","","0"
"2025","Barrie, Ontario [35568]","2021A003535568","Rate per 100,000 population","Rate per 100,000 population","265","units","0","v116321115","20.2","114.8","","","","1"
"2025","Greater Sudbury, Ontario [35580]","2021A003535580","Number of cybercrime incidents","Number","223","units","0","v116321118","22.1","542","","","","0"
"2025","Greater Sudbury, Ontario [35580]","2021A003535580","Rate per 100,000 population","Rate per 100,000 population","265","units","0","v116321119","22.2","274.1","","","","1"
"2025","Thunder Bay, Ontario [35595]","2021A003535595","Number of cybercrime incidents","Number","223","units","0","v116321136","31.1","673","","","","0"
"2025","Thunder Bay, Ontario [35595]","2021A003535595","Rate per 100,000 population","Rate per 100,000 population","265","units","0","v116321137","31.2","510.0","","","","1"
"2025","Manitoba [46]","2021A000246","Number of cybercrime incidents","Number","223","units","0","v116321142","34.1","2876","","","","0"
"2025","Manitoba [46]","2021A000246","Rate per 100,000 population","Rate per 100,000 population","265","units","0","v116321143","34.2","191.0","","","","1"
"2025","Winnipeg, Manitoba [46602]","2021A003546602","Number of cybercrime incidents","Number","223","units","0","v116321144","35.1","1814","","","","0"
"2025","Winnipeg, Manitoba [46602]","2021A003546602","Rate per 100,000 population","Rate per 100,000 population","265","units","0","v116321145","35.2","195.9","","","","1"
"2025","Saskatchewan [47]","2021A000247","Number of cybercrime incidents","Number","223","units","0","v116321146","36.1","2552","","","","0"
"2025","Saskatchewan [47]","2021A000247","Rate per 100,000 population","Rate per 100,000 population","265","units","0","v116321147","36.2","203.7","","","","1"
"2025","Regina, Saskatchewan [47705]","2021A003547705","Number of cybercrime incidents","Number","223","units","0","v116321148","37.1","506","","","","0"
"2025","Regina, Saskatchewan [47705]","2021A003547705","Rate per 100,000 population","Rate per 100,000 population","265","units","0","v116321149","37.2","174.5","","","","1"
"2025","Saskatoon, Saskatchewan [47725]","2021A003547725","Number of cybercrime incidents","Number","223","units","0","v116321150","38.1","1032","","","","0"
"2025","Saskatoon, Saskatchewan [47725]","2021A003547725","Rate per 100,000 population","Rate per 100,000 population","265","units","0","v116321151","38.2","270.7","","","","1"
"2025","Alberta [48]","2021A000248","Number of cybercrime incidents","Number","223","units","0","v116321152","39.1","12564","","","","0"
"2025","Alberta [48]","2021A000248","Rate per 100,000 population","Rate per 100,000 population","265","units","0","v116321153","39.2","249.7","","","","1"
"2025","Lethbridge, Alberta [48810]","2021A003548810","Number of cybercrime incidents","Number","223","units","0","v1066363732","51.1","850","","","","0"
"2025","Lethbridge, Alberta [48810]","2021A003548810","Rate per 100,000 population","Rate per 100,000 population","265","units","0","v1066363733","51.2","600.6","","","","1"
"2025","Calgary, Alberta [48825]","2021A003548825","Number of cybercrime incidents","Number","223","units","0","v116321154","40.1","3729","","","","0"
"2025","Calgary, Alberta [48825]","2021A003548825","Rate per 100,000 population","Rate per 100,000 population","265","units","0","v116321155","40.2","203.0","","","","1"
"2025","Red Deer, Alberta [48830]","2021A003548830","Number of cybercrime incidents","Number","223","units","0","v1593158554","55.1","392","","","","0"
"2025","Red Deer, Alberta [48830]","2021A003548830","Rate per 100,000 population","Rate per 100,000 population","265","units","0","v1593158555","55.2","339.7","","","","1"
"2025","Edmonton, Alberta [48835]","2021A003548835","Number of cybercrime incidents","Number","223","units","0","v116321156","41.1","5187","","","","0"
"2025","Edmonton, Alberta [48835]","2021A003548835","Rate per 100,000 population","Rate per 100,000 population","265","units","0","v116321157","41.2","305.5","","","","1"
"2025","British Columbia [59]","2021A000259","Number of cybercrime incidents","Number","223","units","0","v116321158","42.1","21656","","","","0"
"2025","British Columbia [59]","2021A000259","Rate per 100,000 population","Rate per 100,000 population","265","units","0","v116321159","42.2","380.1","","","","1"
"2025","Kelowna, British Columbia [59915]","2021A003559915","Number of cybercrime incidents","Number","223","units","0","v116321162","44.1","839","","","","0"
"2025","Kelowna, British Columbia [59915]","2021A003559915","Rate per 100,000 population","Rate per 100,000 population","265","units","0","v116321163","44.2","331.5","","","","1"
"2025","Kamloops, British Columbia [59925]","2021A003559925","Number of cybercrime incidents","Number","223","units","0","v1593158556","56.1","435","","","","0"
"2025","Kamloops, British Columbia [59925]","2021A003559925","Rate per 100,000 population","Rate per 100,000 population","265","units","0","v1593158557","56.2","350.7","","","","1"
"2025","Chilliwack, British Columbia [59930]","2021A003559930","Number of cybercrime incidents","Number","223","units","0","v1593158558","57.1","946","","","","0"
"2025","Chilliwack, British Columbia [59930]","2021A003559930","Rate per 100,000 population","Rate per 100,000 population","265","units","0","v1593158559","57.2","720.4","","","","1"
"2025","Abbotsford-Mission, British Columbia [59932]","2021A003559932","Number of cybercrime incidents","Number","223","units","0","v116321160","43.1","1994","","","","0"
"2025","Abbotsford-Mission, British Columbia [59932]","2021A003559932","Rate per 100,000 population","Rate per 100,000 population","265","units","0","v116321161","43.2","893.6","","","","1"
"2025","Vancouver, British Columbia [59933]","2021A003559933","Number of cybercrime incidents","Number","223","units","0","v116321164","45.1","11024","","","","0"
"2025","Vancouver, British Columbia [59933]","2021A003559933","Rate per 100,000 population","Rate per 100,000 population","265","units","0","v116321165","45.2","357.0","","","","1"
"2025","Victoria, British Columbia [59935]","2021A003559935","Number of cybercrime incidents","Number","223","units","0","v116321166","46.1","1871","","","","0"
"2025","Victoria, British Columbia [59935]","2021A003559935","Rate per 100,000 population","Rate per 100,000 population","265","units","0","v116321167","46.2","420.3","","","","1"
"2025","Nanaimo, British Columbia [59938]","2021A003559938","Number of cybercrime incidents","Number","223","units","0","v1593158560","58.1","403","","","","0"
"2025","Nanaimo, British Columbia [59938]","2021A003559938","Rate per 100,000 population","Rate per 100,000 population","265","units","0","v1593158561","58.2","313.1","","","","1"
"2025","Yukon [60]","2021A000260","Number of cybercrime incidents","Number","223","units","0","v116321168","47.1","97","","","","0"
"2025","Yukon [60]","2021A000260","Rate per 100,000 population","Rate per 100,000 population","265","units","0","v116321169","47.2","204.2","","","","1"
"2025","Northwest Territories [61]","2021A000261","Number of cybercrime incidents","Number","223","units","0","v116321170","48.1","126","","","","0"
"2025","Northwest Territories [61]","2021A000261","Rate per 100,000 population","Rate per 100,000 population","265","units","0","v116321171","48.2","276.5","","","","1"
"2025","Nunavut [62]","2021A000262","Number of cybercrime incidents","Number","223","units","0","v116321172","49.1","45","","","","0"
"2025","Nunavut [62]","2021A000262","Rate per 100,000 population","Rate per 100,000 population","265","units","0","v116321173","49.2","107.6","","","","1"
"2025","Canadian Forces Military Police","","Number of cybercrime incidents","Number","223","units","0","v1411953027","52.1","0","","","","0"
"2025","Canadian Forces Military Police","","Rate per 100,000 population","Rate per 100,000 population","265","units","0","v1411953028","52.2","","..","","","2"
